Smartphone,Brand,Model,RAM,Storage,Color,Free,Final Price
Realme C55 8/256GB Sunshower Libre,Realme,C55,8,256,Yellow,Yes,231.6
Samsung Galaxy M23 5G 4/128GB Azul Libre,Samsung,Galaxy M23,4,128,Blue,Yes,279.0
Motorola Moto G13 4/128GB Azul Lavanda Libre,Motorola,Moto G13,4,128,Blue,Yes,179.01
Xiaomi Redmi Note 11S 6/128GB Gris Libre,Xiaomi,Redmi Note 11S,6,128,Gray,Yes,279.99
Nothing Phone (2) 12/512GB Blanco Libre,Nothing,Phone (2),12,512,White,Yes,799.0
Motorola Moto E32s 4/64GB Gris Libre,Motorola,Moto E32s,4,64,Gray,Yes,148.52
Nothing Phone (2) 12/256GB Blanco Libre,Nothing,Phone (2),12,256,White,Yes,699.0
Realme 9 Pro 5G 8/128GB Negro Libre,Realme,9 Pro,8,128,Black,Yes,352.59
Samsung Galaxy M23 5G 4/128GB Verde Libre,Samsung,Galaxy M23,4,128,Green,Yes,279.0
Xiaomi Redmi Note 12 Pro 8/256GB Gris Grafito Libre,Xiaomi,Redmi Note 12,8,256,Gray,Yes,329.99
POCO M4 5G 6/128GB Negro Libre,POCO,M4,6,128,Black,Yes,219.99
Realme C31 4/64GB Plata Libre,Realme,C31,4,64,Silver,Yes,172.59
Realme C55 8/256GB Rainy Night Libre,Realme,C55,8,256,Black,Yes,231.6
Xiaomi Redmi Note 12 Pro 5G 8/256GB Negro Libre,Xiaomi,Redmi Note 12,8,256,Black,Yes,382.99
Xiaomi Redmi Note 12 Pro 5G 8/256GB Azul Libre,Xiaomi,Redmi Note 12,8,256,Blue,Yes,399.91
Xiaomi Redmi Note 12 4/128GB Gris Libre,Xiaomi,Redmi Note 12,4,128,Gray,Yes,249.99
Apple iPhone 14 128GB Medianoche Libre,Apple,iPhone 14,,128,Black,Yes,1008.9999999999999
Xiaomi Redmi Note 12 Pro 8/256GB Azul Glaciar Libre,Xiaomi,Redmi Note 12,8,256,Blue,Yes,249.26
Samsung Galaxy M13 4/64GB Verde Libre,Samsung,Galaxy M13,4,64,Green,Yes,179.0
Xiaomi Redmi 10C 4/64GB Gris Libre,Xiaomi,Redmi 10C,4,64,Gray,Yes,179.99
Realme Narzo 50i Prime 3/32GB Azul Libre,Realme,Narzo 50i,3,32,Blue,Yes,141.6
Realme 11 Pro 5G 8/256GB Amoled FHD+ Curved Sunrise Beige Libre,Realme,11 Pro,8,256,White,Yes,401.6
POCO X5 Pro 5G 8/256GB Negro Libre + Cable USB-C a Jack,POCO,X5 Pro,8,256,Black,Yes,392.6
Xiaomi Redmi Note 11 4/128GB Gris Grafito Libre,Xiaomi,Redmi Note 11,4,128,Gray,Yes,219.99
Realme C53 6/128GB 33W Carga Rápida Dorado Libre,Realme,C53,6,128,Gold,Yes,181.6
Apple iPhone 14 Pro Max 256GB Negro Espacial Libre,Apple,iPhone 14,,256,Black,Yes,1599.0
Motorola Moto E20 2/32 GB Gris Grafito Libre,Motorola,Moto E20,2,32,Gray,Yes,106.0
Realme 10 AMOLED FHD+ 8/128GB Negro Libre,Realme,10 AMOLED,8,128,Black,Yes,281.6
Samsung Galaxy M53 5G 8/128GB Marrón Libre,Samsung,Galaxy M53,8,128,Brown,Yes,419.0
Realme 10 AMOLED FHD+ 8/128GB Blanco Libre,Realme,10 AMOLED,8,128,White,Yes,281.6
Realme C53 6/128GB 33W Carga Rápida Negro Libre,Realme,C53,6,128,Black,Yes,181.6
Apple iPhone 14 Pro Max 128GB Negro Espacial Libre,Apple,iPhone 14,,128,Black,Yes,1469.0
Realme 11 Pro Plus 5G 12/512GB Amoled FHD+ Curved Sunrise Beige Libre,Realme,11 Pro,12,512,White,Yes,521.6
Realme 10 AMOLED FHD+ 8/256GB Blanco Libre,Realme,10 AMOLED,8,256,White,Yes,301.6
POCO X5 Pro 5G 8/256GB Azul Libre + Cable USB-C a Jack,POCO,X5 Pro,8,256,Blue,Yes,391.99
Realme 10 AMOLED FHD+ 8/256GB Negro Libre,Realme,10 AMOLED,8,256,Black,Yes,299.0
POCO M4 5G 6/128GB Azul Libre,POCO,M4,6,128,Blue,Yes,219.99
Xiaomi Redmi Note 12 4/128GB Verde Libre,Xiaomi,Redmi Note 12,4,128,Green,Yes,168.9
Samsung Galaxy M33 5G 6/128GB Azul Libre,Samsung,Galaxy M33,6,128,Blue,Yes,299.0
Apple iPhone 14 Pro Max 128GB Oro Libre,Apple,iPhone 14,,128,Gold,Yes,1469.0
Realme C31 4/64GB Verde Libre,Realme,C31,4,64,Green,Yes,172.59
Xiaomi Redmi Note 12 4/128GB Azul Libre,Xiaomi,Redmi Note 12,4,128,Blue,Yes,249.99
Xiaomi Redmi 10C 4/128GB Azul Libre,Xiaomi,Redmi 10C,4,128,Blue,Yes,199.0
Realme 11 Pro Plus 5G 12/512GB Amoled FHD+ Curved Astral Black Libre,Realme,11 Pro,12,512,Black,Yes,521.6
Realme 9 5G 4/64GB Negro Libre,Realme,9,4,64,Black,Yes,262.58
Motorola Moto G23 8/128GB Gris Libre,Motorola,Moto G23,8,128,Gray,Yes,229.0
Realme C33 4/128GB Negro Libre,Realme,C33,4,128,Black,Yes,192.59
Realme Narzo 50A Prime FHD+ 4/64GB Azul Libre,Realme,Narzo 50A,4,64,Blue,Yes,172.59
Xiaomi Redmi 9C NFC 3/64GB Verde Libre,Xiaomi,Redmi 9C,3,64,Green,Yes,159.0
Realme 11 Pro 5G 8/256GB Amoled FHD+ Curved Astral Black Libre,Realme,11 Pro,8,256,Black,Yes,401.6
Xiaomi Redmi A1 2/32GB Negro Libre,Xiaomi,Redmi A1,2,32,Black,Yes,109.0
Motorola Moto G32 6/128GB Plata Libre,Motorola,Moto G32,6,128,Silver,Yes,209.0
POCO X5 5G 8/256GB Negro Libre + Cable USB-C a Jack,POCO,X5,8,256,Black,Yes,343.99
Xiaomi Redmi Note 12 Pro 5G 8/256GB Blanco Libre,Xiaomi,Redmi Note 12,8,256,White,Yes,329.37
Nothing Phone (2) 12/256GB Gris Oscuro Libre,Nothing,Phone (2),12,256,Gray,Yes,699.0
Motorola Moto G73 5G 8/256GB Midnight Blue Libre,Motorola,Moto G73,8,256,Gold,Yes,299.0
Samsung Galaxy A54 5G 8/128GB Negro Libre,Samsung,Galaxy A54,8,128,Black,Yes,377.96
Xiaomi Redmi A1 2/32GB Azul Claro Libre,Xiaomi,Redmi A1,2,32,Blue,Yes,109.0
Xiaomi Redmi A1 2/32GB Negro Libre + Cable USB-C a Jack,Xiaomi,Redmi A1,2,32,Black,Yes,109.0
Xiaomi Redmi A1 2/32GB Verde Claro Libre,Xiaomi,Redmi A1,2,32,Green,Yes,109.0
Xiaomi Redmi 12C 4/128GB Gris Libre,Xiaomi,Redmi 12C,4,128,Gray,Yes,123.0
Xiaomi Redmi 10A 2/32GB Gris Libre,Xiaomi,Redmi 10A,2,32,Gray,Yes,95.59
Realme 9 6/128GB Negro Libre,Realme,9,6,128,Black,Yes,281.6
Xiaomi Redmi Note 12 4/128GB Gris Libre + Cable USB-C a Jack,Xiaomi,Redmi Note 12,4,128,Gray,Yes,249.0
Xiaomi Redmi Note 12 5G 4/128GB Verde Libre + Cable USB-C a Jack,Xiaomi,Redmi Note 12,4,128,Green,Yes,279.0
Realme GT2 8/128GB Blanco Libre,Realme,GT2,8,128,White,Yes,552.59
Xiaomi Redmi Note 12 4/128GB Azul Libre + Cable USB-C a Jack,Xiaomi,Redmi Note 12,4,128,Blue,Yes,249.0
Xiaomi Redmi Note 12 Pro 8/256GB Blanco Polar Libre,Xiaomi,Redmi Note 12,8,256,White,Yes,261.95
Motorola Moto G13 4/128GB Gris Libre,Motorola,Moto G13,4,128,Gray,Yes,179.0
Xiaomi Redmi Note 12 4/64GB Azul Libre + Cable USB-C a Jack,Xiaomi,Redmi Note 12,4,64,Blue,Yes,229.0
Xiaomi Redmi 10A 4/128GB Gris Libre + Cable USB-C a Jack,Xiaomi,Redmi 10A,4,128,Gray,Yes,179.0
Realme Narzo 50A Prime FHD+ 4/64GB Negro Libre,Realme,Narzo 50A,4,64,Black,Yes,172.59
Realme C30 3/32GB Azul Libre,Realme,C30,3,32,Blue,Yes,142.59
Motorola Moto E13 2/64GB Negro Libre,Motorola,Moto E13,2,64,Black,Yes,119.0
Motorola Edge 30 Ultra 12/256GB Gris Libre,Motorola,Edge 30,12,256,Gray,Yes,899.0
Xiaomi Redmi 10A 3/64GB Gris Libre + Cable USB-C a Jack,Xiaomi,Redmi 10A,3,64,Gray,Yes,159.0
Realme C30 3/32GB Verde Libre,Realme,C30,3,32,Green,Yes,142.59
Xiaomi Redmi Note 12 4/64GB Gris Libre + Cable USB-C a Jack,Xiaomi,Redmi Note 12,4,64,Gray,Yes,229.0
Xiaomi Redmi 12C 3/64GB Gris Libre + Cable USB-C a Jack,Xiaomi,Redmi 12C,3,64,Gray,Yes,169.0
Xiaomi Redmi Note 11 Pro Plus 5G 8/256GB Gris Libre,Xiaomi,11 Pro,8,256,Gray,Yes,449.99
Xiaomi Redmi Note 12 Pro 5G 8/128GB Azul Libre + Cable USB-C a Jack,Xiaomi,Redmi Note 12,8,128,Blue,Yes,399.0
Realme GT Neo 3 5G 12/256GB Blanco Libre,Realme,GT Neo 3,12,256,White,Yes,702.59
Realme 9 5G 4/128GB Blanco Libre,Realme,9,4,128,White,Yes,282.58
Samsung Galaxy A34 5G 8/256GB Verde Libre + Protector Pantalla,Samsung,Galaxy A34,8,256,Green,Yes,469.0
Xiaomi Redmi Note 12 Pro Plus 5G 8/256GB Azul Libre,Xiaomi,Redmi Note 12,8,256,Blue,Yes,379.95
Xiaomi Redmi Note 12 Pro Plus 5G 8/256GB Negro Libre + Cable USB-C a Jack,Xiaomi,Redmi Note 12,8,256,Black,Yes,499.0
Xiaomi Redmi Note 11 Pro Plus 5G 8/256GB Verde Libre,Xiaomi,11 Pro,8,256,Green,Yes,449.99
Realme C33 4/128GB Dorado Libre,Realme,C33,4,128,Gold,Yes,192.59
Apple iPhone 14 Pro 128GB Negro Espacial Libre,Apple,iPhone 14,,128,Black,Yes,1319.0
POCO C40 4/64GB Amarillo Libre,POCO,C40,4,64,Yellow,Yes,169.99
Apple iPhone 14 Pro Max 256GB Oro Libre,Apple,iPhone 14,,256,Gold,Yes,1599.0
Xiaomi Redmi Note 12S 8/256GB Negro Ónix Libre,Xiaomi,Note 12S,8,256,Black,Yes,225.0
Realme GT2 12/256GB Blanco Libre,Realme,GT2,12,256,White,Yes,601.6
Apple iPhone 14 Pro Max 256GB Plata Libre,Apple,iPhone 14,,256,Silver,Yes,1599.0
Apple iPhone 14 128GB Blanco Estrella Libre,Apple,iPhone 14,,128,White,Yes,1008.9999999999999
Nothing Phone (2) 12/512GB Gris Oscuro Libre,Nothing,Phone (2),12,512,Gray,Yes,799.0
POCO F5 5G 12/256GB Negro Libre,POCO,F5,12,256,Black,Yes,479.99
Xiaomi Redmi Note 11 Pro Plus 5G 8/256GB Azul Libre,Xiaomi,11 Pro,8,256,Blue,Yes,449.99
Samsung Galaxy M53 5G 8/128GB Azul Libre,Samsung,Galaxy M53,8,128,Blue,Yes,413.0
Samsung Galaxy M53 5G 8/128GB Verde Libre,Samsung,Galaxy M53,8,128,Green,Yes,418.99
OPPO Reno8 T 8/128GB Naranja Libre + Cable USB 3.1 Type-C,OPPO,Reno8,8,128,Orange,Yes,379.0
Samsung Galaxy A34 5G 8/256GB Negro Libre + Protector Pantalla,Samsung,Galaxy A34,8,256,Black,Yes,469.0
POCO M4 5G 6/128GB Amarillo Libre,POCO,M4,6,128,Yellow,Yes,219.99
Xiaomi Redmi 12C 4/128GB Azul Libre,Xiaomi,Redmi 12C,4,128,Blue,Yes,123.0
Motorola Moto G32 6/128GB Gris Libre,Motorola,Moto G32,6,128,Gray,Yes,209.0
Xiaomi Redmi Note 12 Pro Plus 5G 8/256GB Blanco Libre,Xiaomi,Redmi Note 12,8,256,White,Yes,389.95
Apple iPhone 12 128GB Negro Libre,Apple,iPhone 12,,128,Black,Yes,859.0
Samsung Galaxy M33 5G 6/128GB Marrón Libre,Samsung,Galaxy M33,6,128,Brown,Yes,299.0
Alcatel 1 (2021) 1/16GB Azul Libre,Alcatel,1 (2021),1,16,Blue,Yes,70.98
Alcatel 1 (2021) 1/16GB Negro Libre,Alcatel,1 (2021),1,16,Black,Yes,70.98
OPPO Reno8 T 8/128GB Negro Libre + Cable USB 3.1 Type-C,OPPO,Reno8,8,128,Black,Yes,379.0
POCO X5 Pro 5G 6/128GB Negro Libre,POCO,X5 Pro,6,128,Black,Yes,349.99
Realme GT Neo 3T 8/128GB Blanco Libre,Realme,GT Neo 3T,8,128,White,Yes,432.59
Xiaomi Redmi 12C 3/64GB Verde Libre + Cable USB-C a Jack,Xiaomi,Redmi 12C,3,64,Green,Yes,169.0
Apple iPhone 11 64 GB Negro Libre,Apple,iPhone 11,,64,Black,Yes,589.0
Apple iPhone 11 64 GB Blanco Libre,Apple,iPhone 11,,64,White,Yes,589.0
Apple iPhone 14 Plus 256GB Púrpura Libre,Apple,iPhone 14,,256,Purple,Yes,1289.0
Samsung Galaxy Z Flip4 8/256GB Rosa + Cargador de Pared 25W,Samsung,Galaxy Z Flip4,8,256,Pink,No,1159.0
Samsung Galaxy M33 5G 6/128GB Verde Libre,Samsung,Galaxy M33,6,128,Green,Yes,299.0
OPPO A17 4/64GB Negro Libre + USB 32GB,OPPO,A17,4,64,Black,Yes,179.0
Samsung Galaxy S22 5G 256GB Negro Libre + Cargador 25W,Samsung,Galaxy S22,,256,Black,Yes,699.0
Apple iPhone 14 128GB Púrpura Libre,Apple,iPhone 14,,128,Purple,Yes,1008.9999999999999
Xiaomi Redmi 12C 4/128GB Gris Libre + Cable USB-C a Jack,Xiaomi,Redmi 12C,4,128,Gray,Yes,199.0
Apple iPhone 14 128GB Azul Libre,Apple,iPhone 14,,128,Blue,Yes,1008.9999999999999
Samsung Galaxy M13 4/64GB Azul Libre,Samsung,Galaxy M13,4,64,Blue,Yes,179.0
Alcatel 1B 2022 2/32GB Negro Libre,Alcatel,1B 2022,2,32,Black,Yes,100.99
Apple iPhone 14 Pro 128GB Oro Libre,Apple,iPhone 14,,128,Gold,Yes,1319.0
Samsung Galaxy S23 Ultra 512GB Negro Libre + Cargador 25W,Samsung,Galaxy S23,,512,Black,Yes,1589.01
Samsung Galaxy A54 5G 8/128GB Violeta Libre,Samsung,Galaxy A54,8,128,Purple,Yes,452.61
Apple iPhone 14 Plus 256GB (PRODUCT)RED Libre,Apple,iPhone 14,,256,Red,Yes,1289.0
Xiaomi Redmi 12C 4/128GB Verde Libre,Xiaomi,Redmi 12C,4,128,Green,Yes,169.0
POCO M5s 4/128GB Negro Libre,POCO,M5s,4,128,Black,Yes,229.98
Realme 8i 4/64GB Negro Libre,Realme,8I,4,64,Black,Yes,201.6
Xiaomi 12T Pro 8/256GB Azul Libre,Xiaomi,12T,8,256,Blue,Yes,781.6
Nothing Phone 1 8/256GB Negro Libre,Nothing,Phone (1),8,256,Black,Yes,499.0
Apple iPhone 14 Pro 512GB Negro Espacial Libre,Apple,iPhone 14,,512,Black,Yes,1709.0
Apple iPhone 14 Pro 256GB Morado Oscuro Libre,Apple,iPhone 14,,256,Purple,Yes,1449.0
Xiaomi Redmi 12 4/128GB Azul Cielo Libre,Xiaomi,Redmi 12,4,128,Blue,Yes,144.95
Apple iPhone 12 64GB Blanco Libre,Apple,iPhone 12,,64,White,Yes,809.0
Vivo Y22s 6/128GB Starlit Blue Libre,Vivo,Y22s,6,128,Blue,Yes,220.99
Xiaomi Redmi Note 12 Pro Plus 5G 8/256GB Negro Libre,Xiaomi,Redmi Note 12,8,256,Black,Yes,389.9
Samsung Galaxy S23 Ultra 256GB Negro Libre,Samsung,Galaxy S23,,256,Black,Yes,1547.63
Apple iPhone 14 Plus 128GB Azul Libre,Apple,iPhone 14,,128,Blue,Yes,1159.0
Samsung Galaxy M23 5G 4/128GB Oro Rosa Libre,Samsung,Galaxy M23,4,128,Gold,Yes,279.0
Samsung Galaxy A33 5G 6/128GB Negro Libre,Samsung,Galaxy A33,6,128,Black,Yes,359.0
Vivo Y22s 6/128GB Summer Cyan Libre,Vivo,Y22s,6,128,Turquoise,Yes,220.99
Xiaomi 13 Lite 8/128GB Negro Libre + Cable USB-C a Jack,Xiaomi,13,8,128,Black,Yes,492.59
Alcatel 1B 2022 2/32GB Azul Libre,Alcatel,1B 2022,2,32,Blue,Yes,100.99
Apple iPhone 13 128GB Blanco Estrella Libre,Apple,iPhone 13,,128,White,Yes,909.0
Samsung Galaxy A34 5G 6/128GB Plata Libre,Samsung,Galaxy A34,6,128,Silver,Yes,300.0
Samsung Galaxy A34 5G 8/256GB Plata Libre + Protector Pantalla,Samsung,Galaxy A34,8,256,Silver,Yes,469.0
Vivo Y35 8/256GB Starlit Blue Libre,Vivo,Y35,8,256,Blue,Yes,267.99
Vivo X60 Pro 5G 12/256GB Negro Libre,Vivo,X60 Pro,12,256,Black,Yes,799.0
Motorola Edge 40 8/256GB Eclipse Black Libre,Motorola,Edge 40,8,256,Gold,Yes,491.64
Nothing Phone 1 12/256GB Negro Libre,Nothing,Phone (1),12,256,Black,Yes,549.0
Samsung Galaxy A34 5G 8/256GB Violeta Libre + Protector Pantalla,Samsung,Galaxy A34,8,256,Purple,Yes,469.0
ZTE Blade A52 2/64GB Azul Libre,ZTE,Blade A52,2,64,Blue,Yes,119.0
Samsung Galaxy A54 5G 8/256GB Violeta Libre + Protector Pantalla,Samsung,Galaxy A54,8,256,Purple,Yes,549.0
Samsung Galaxy S21 FE 5G 2022 8/256GB Gris Libre + Cargador,Samsung,Galaxy S21,8,256,Gray,Yes,649.0
Xiaomi Redmi 10C 4/128GB Gris Libre,Xiaomi,Redmi 10C,4,128,Gray,Yes,199.99
Samsung Galaxy A54 5G 8/256GB Violeta Libre,Samsung,Galaxy A54,8,256,Purple,Yes,449.95
Xiaomi Redmi 12 4/128GB Negro Medianoche Libre,Xiaomi,Redmi 12,4,128,Black,Yes,144.95
Samsung Galaxy A54 5G 8/256GB Blanco Libre + Protector Pantalla,Samsung,Galaxy A54,8,256,White,Yes,549.0
OPPO A78 5G 8/128GB Azul Libre + Cable USB 3.1 Type-C,OPPO,A78,8,128,Blue,Yes,299.0
Samsung Galaxy S23 Ultra 512GB Verde Libre + Cargador 25W,Samsung,Galaxy S23,,512,Green,Yes,1589.01
Xiaomi Redmi Note 11 4/128GB Azul Ocaso Libre,Xiaomi,Redmi Note 11,4,128,Blue,Yes,219.99
Samsung Galaxy A34 5G 6/128GB Verde Libre + Protector Pantalla,Samsung,Galaxy A34,6,128,Green,Yes,399.0
Apple iPhone 14 256GB Azul Libre,Apple,iPhone 14,,256,Blue,Yes,1139.0
Samsung Galaxy A14 4/64GB Negro Libre + Carcasa Card Slot,Samsung,Galaxy A14,4,64,Black,Yes,189.0
Samsung Galaxy A23 5G 4/128GB Negro Libre,Samsung,Galaxy A23,4,128,Black,Yes,234.95
Samsung Galaxy A14 4/64GB Plata Libre + Carcasa Card Slot,Samsung,Galaxy A14,4,64,Silver,Yes,189.0
Vivo Y35 8/256GB Dawn Gold Libre,Vivo,Y35,8,256,Gold,Yes,267.99
Xiaomi 12 5G 8/256GB Azul Libre,Xiaomi,12,8,256,Blue,Yes,1026.41
POCO X5 Pro 5G 6/128GB Amarillo Libre,POCO,X5 Pro,6,128,Yellow,Yes,349.99
Apple iPhone 14 Plus 256GB Medianoche Libre,Apple,iPhone 14,,256,Black,Yes,1259.01
Apple iPhone 14 Pro 512GB Plata Libre,Apple,iPhone 14,,512,Silver,Yes,1709.0
Apple iPhone 14 512GB Púrpura Libre,Apple,iPhone 14,,512,Purple,Yes,1399.0
Apple iPhone 11 64GB Blanco Libre,Apple,iPhone 11,,64,White,Yes,363.0
Samsung Galaxy S23 128GB Negro Libre + Cargador 25W,Samsung,Galaxy S23,,128,Black,Yes,829.01
Samsung Galaxy A54 5G 8/256GB Negro Libre + Protector Pantalla,Samsung,Galaxy A54,8,256,Black,Yes,549.0
Apple iPhone 13 128GB Rosa Libre,Apple,iPhone 13,,128,Pink,Yes,909.0
Vivo Y76 5G 8/128GB Cosmic Aurora Libre,Vivo,Y76,8,128,Blue,Yes,306.0
Vivo Y76 5G 8/128GB Midnight Space Libre,Vivo,Y76,8,128,Black,Yes,306.0
POCO M5 4/128GB Negro Libre,POCO,M5,4,128,Black,Yes,209.99
POCO C40 3/32GB Amarilo Libre,POCO,C40,3,32,Yellow,Yes,149.99
Realme Narzo 50 4/128GB Azul Libre,Realme,Narzo 50,4,128,Blue,Yes,222.59
Apple iPhone 13 256GB (PRODUCT)RED Libre,Apple,iPhone 13,,256,Red,Yes,1029.0
Xiaomi 12T 8/256GB Negro Libre,Xiaomi,12T,8,256,Black,Yes,772.46
OPPO A78 5G 8/128GB Negro Libre + Cable USB 3.1 Type-C,OPPO,A78,8,128,Black,Yes,299.0
Samsung Galaxy A54 5G 8/256GB Verde Libre + Protector Pantalla,Samsung,Galaxy A54,8,256,Green,Yes,549.0
Apple iPhone 13 128GB Medianoche Libre,Apple,iPhone 13,,128,Black,Yes,909.0
Apple iPhone 12 Pro 256GB Azul Pacífico Libre,Apple,iPhone 12,,256,Blue,Yes,669.0
POCO X5 Pro 5G 6/128GB Azul Libre,POCO,X5 Pro,6,128,Blue,Yes,349.99
Samsung Galaxy A54 5G 8/256GB Negro Libre,Samsung,Galaxy A54,8,256,Black,Yes,449.95
Apple iPhone 13 128GB Azul Libre,Apple,iPhone 13,,128,Blue,Yes,909.0
Xiaomi Redmi Note 12 Pro 5G 8/128GB Negro Libre,Xiaomi,Redmi Note 12,8,128,Black,Yes,289.95
Samsung Galaxy A54 5G 8/128GB Verde Libre,Samsung,Galaxy A54,8,128,Green,Yes,379.95
OPPO A98 5G 8/256GB Negro Libre,OPPO,A98,8,256,Black,Yes,386.6
Xiaomi Redmi Note 12 4/64GB Gris Libre,Xiaomi,Redmi Note 12,4,64,Gray,Yes,229.99
Xiaomi 12 5G 8/256GB Gris Libre,Xiaomi,12,8,256,Gray,Yes,500.0
Apple iPhone XR 64 GB Negro Libre,Apple,iPhone XR,,64,Black,Yes,269.0
Apple iPhone 13 256GB Rosa Libre,Apple,iPhone 13,,256,Pink,Yes,1029.0
ZTE Blade A52 2/64GB Gris Libre,ZTE,Blade A52,2,64,Gray,Yes,119.0
Apple iPhone 14 512GB Azul Libre,Apple,iPhone 14,,512,Blue,Yes,1399.0
Vivo Y16 4/128GB Elegant Black Libre,Vivo,Y16,4,128,Black,Yes,182.99
Samsung Galaxy S22 5G 256GB Verde Libre + Cargador 25W,Samsung,Galaxy S22,,256,Green,Yes,699.0
Vivo Y16 4/128GB Drizzling Gold Libre,Vivo,Y16,4,128,Gold,Yes,178.0
Apple iPhone 12 Pro Max 256GB Plata Libre,Apple,iPhone 12,,256,Silver,Yes,709.0
POCO X5 5G 8/256GB Negro Libre,POCO,X5,8,256,Black,Yes,349.99
Xiaomi Redmi 10 2022 4/128GB Gris Libre,Xiaomi,Redmi 10,4,128,Gray,Yes,295.82
Motorola Razr 40 8/256GB Sage Green Libre,Motorola,Razr 40,8,256,Gold,Yes,899.01
Xiaomi Redmi 9A 2/32GB Gris Granito Libre,Xiaomi,Redmi 9A,2,32,Gray,Yes,119.99
Samsung Galaxy A54 5G 8/128GB Blanco Libre,Samsung,Galaxy A54,8,128,White,Yes,379.95
ZTE Blade A72 3/64GB Gris Libre,ZTE,Blade A72,3,64,Gray,Yes,149.0
Xiaomi Redmi Note 11 6/128GB Gris Grafito Libre,Xiaomi,Redmi Note 11,6,128,Gray,Yes,206.99
Realme GT2 12/256GB Negro Libre,Realme,GT2,12,256,Black,Yes,601.6
Samsung Galaxy S23 256GB Algodón Libre,Samsung,Galaxy S23,,256,White,Yes,819.94
Samsung Galaxy S23 Ultra 256GB Algodón Libre,Samsung,Galaxy S23,,256,White,Yes,1052.0
OnePlus Nord CE 3 Lite 5G 8/128GB Lima Pastel Libre,OnePlus,Nord CE 3,8,128,Green,Yes,259.0
Samsung Galaxy S23 Ultra 512GB Negro Libre,Samsung,Galaxy S23,,512,Black,Yes,1177.0
Samsung Galaxy S23 Ultra 512GB Algodón Libre + Cargador 25W,Samsung,Galaxy S23,,512,White,Yes,1589.01
Samsung Galaxy A14 4/64GB Verde Libre + Carcasa Card Slot,Samsung,Galaxy A14,4,64,Green,Yes,189.0
Apple iPhone 14 256GB Medianoche Libre,Apple,iPhone 14,,256,Black,Yes,1139.0
OPPO A57s 4/128GB Azul Libre,OPPO,A57s,4,128,Blue,Yes,158.95
TCL 20 R 5G 4/64GB Azul Lazurita Libre,TCL,20 R,4,64,Blue,Yes,143.28
OPPO A98 5G 8/256GB Azul Libre,OPPO,A98,8,256,Blue,Yes,401.6
Apple iPhone 14 Plus 512GB Azul Libre,Apple,iPhone 14,,512,Blue,Yes,1549.0
Xiaomi Redmi Note 12 Pro 6/128GB Azul Glaciar Libre,Xiaomi,Redmi Note 12,6,128,Blue,Yes,229.95
OPPO Find X5 Lite 5G 8/256GB Negro Libre,OPPO,X5,8,256,Black,Yes,305.0
Xiaomi 13 Lite 8/256GB Negro Libre,Xiaomi,13,8,256,Black,Yes,430.0
Samsung Galaxy Z Flip4 8/256GB Gris + Cargador de Pared 25W,Samsung,Galaxy Z Flip4,8,256,Gray,No,1159.0
CAT S42H+ 3/32GB Rugerizado Negro Libre,CAT,S42H+,3,32,Black,Yes,189.99
Apple iPhone 14 256GB Blanco Estrella Libre,Apple,iPhone 14,,256,White,Yes,1139.0
Samsung Galaxy A53 5G 6/128GB Negro Libre,Samsung,Galaxy A53,6,128,Black,Yes,399.0
Motorola Edge 40 8/256GB Nebula Green Libre,Motorola,Edge 40,8,256,Gold,Yes,491.64
POCO X5 5G 6/128GB Negro Libre,POCO,X5,6,128,Black,Yes,299.99
Nothing Phone 1 12/256GB Blanco Libre,Nothing,Phone (1),12,256,White,Yes,549.0
Vivo Y76 5G 8/256GB Midnight Space Libre,Vivo,Y76,8,256,Black,Yes,309.0
Vivo V21 5G 8/128GB Dusk Blue Libre,Vivo,V21 5G,8,128,Blue,Yes,290.48
POCO M5 4/64GB Negro Libre,POCO,M5,4,64,Black,Yes,189.99
Samsung Galaxy S23 256GB Negro Libre,Samsung,Galaxy S23,,256,Black,Yes,1172.82
Samsung Galaxy S23 Plus 512GB Algodón Libre,Samsung,Galaxy S23,,512,White,Yes,1138.46
Vivo V21 5G 8/128GB Sunset Dazzle Libre,Vivo,V21 5G,8,128,Yellow,Yes,290.48
Xiaomi Redmi Note 12S 8/256GB Verde Perlado Libre,Xiaomi,Note 12S,8,256,Green,Yes,249.79
Vivo Y76 5G 8/256GB Cosmic Aurora Libre,Vivo,Y76,8,256,Blue,Yes,309.0
Xiaomi Redmi Note 12S 8/256GB Azul Hielo Libre,Xiaomi,Note 12S,8,256,Blue,Yes,234.95
Apple iPhone 14 Pro 512GB Oro Libre,Apple,iPhone 14,,512,Gold,Yes,1709.0
Xiaomi 13 8/256GB Negro Libre,Xiaomi,13,8,256,Black,Yes,1084.97
Apple iPhone 14 Plus 128GB (PRODUCT)RED Libre,Apple,iPhone 14,,128,Red,Yes,1159.0
Apple iPhone 11 64GB Negro Libre,Apple,iPhone 11,,64,Black,Yes,735.2
SPC Smart Ultimate 3/32GB Negro Libre,SPC,Smart Ultimate,3,32,Black,Yes,109.95
POCO X5 Pro 5G 8/256GB Negro Libre,POCO,X5 Pro,8,256,Black,Yes,399.99
Samsung Galaxy S23 128GB Lila Libre + Cargador 25W,Samsung,Galaxy S23,,128,Purple,Yes,829.01
Motorola Edge 40 Pro 12/256GB Interstellar Black Libre,Motorola,Edge 40,12,256,Gold,Yes,859.0
Samsung Galaxy S23 Ultra 256GB Verde Libre + Cargador 25W,Samsung,Galaxy S23,,256,Green,Yes,1409.0
OnePlus Nord CE 2 Lite 5G 6/128GB Negro Libre,OnePlus,Nord CE 2,6,128,Black,Yes,361.71
Cubot KingKong Power 8/256GB Negro Libre,Cubot,KingKong Power,8,256,Black,Yes,229.95
Xiaomi Redmi 12C 4/128GB Azul Libre + Cable USB-C a Jack,Xiaomi,Redmi 12C,4,128,Blue,Yes,199.0
Xiaomi Redmi 9C NFC 3/64GB Gris Libre,Xiaomi,Redmi 9C,3,64,Gray,Yes,101.14
OPPO Reno10 5G 8/256GB Azul Libre,OPPO,Reno10,8,256,Blue,Yes,499.0
Samsung Galaxy A34 5G 6/128GB Violeta Libre + Protector Pantalla,Samsung,Galaxy A34,6,128,Purple,Yes,399.0
Samsung Galaxy M13 4/128GB Verde Libre,Samsung,Galaxy M13,4,128,Green,Yes,209.0
Samsung Galaxy A14 4/128GB Negro Libre,Samsung,Galaxy A14,4,128,Black,Yes,177.0
Apple iPhone 8 64GB Gris Espacial Libre,Apple,iPhone 8,,64,Gray,Yes,144.0
OPPO Reno8 Lite 5G 8/128GB Rainbow Libre,OPPO,Reno8,8,128,Rainbow,Yes,309.0
TCL 408 4/64GB Gris Libre,TCL,408,4,64,Gray,Yes,150.99
Samsung Galaxy A14 4/64GB Negro Libre,Samsung,Galaxy A14,4,64,Black,Yes,156.01
Xiaomi Redmi 12C 4/128GB Verde Libre + Cable USB-C a Jack,Xiaomi,Redmi 12C,4,128,Green,Yes,199.0
Samsung Galaxy A34 5G 6/128GB Negro Libre + Protector Pantalla,Samsung,Galaxy A34,6,128,Black,Yes,399.0
TCL 40 SE 6/256GB Púrpura Libre,TCL,40 SE,6,256,Purple,Yes,200.99
Apple iPhone 12 Pro 128GB Azul Pacífico Libre,Apple,iPhone 12,,128,Blue,Yes,635.0
TCL 403 2/32GB Mauve Mist Libre,TCL,403,2,32,Purple,Yes,92.7
Apple iPhone 14 256GB (PRODUCT)RED Libre,Apple,iPhone 14,,256,Red,Yes,1119.01
OPPO Reno10 5G 8/256GB Gris Libre,OPPO,Reno10,8,256,Gray,Yes,499.0
Samsung Galaxy A14 4/128GB Negro Libre + Carcasa Card Slot,Samsung,Galaxy A14,4,128,Black,Yes,209.0
Samsung Galaxy S23 Plus 512GB Verde Libre,Samsung,Galaxy S23,,512,Green,Yes,1126.89
Xiaomi Redmi Note 12S 6/128GB Negro Ónix Libre,Xiaomi,Note 12S,6,128,Black,Yes,209.0
Apple iPhone XS 64Gb Gris Espacial Libre,Apple,iPhone XS,,64,Gray,Yes,269.0
Apple iPhone 12 128GB Blanco Libre,Apple,iPhone 12,,128,White,Yes,859.0
Samsung Galaxy A34 5G 6/128GB Plata Libre + Protector Pantalla,Samsung,Galaxy A34,6,128,Silver,Yes,399.0
Apple iPhone 14 Plus 128GB Púrpura Libre,Apple,iPhone 14,,128,Purple,Yes,1159.0
Samsung Galaxy S22 Ultra 5G 12/256GB Blanco Libre,Samsung,Galaxy S22,12,256,White,Yes,954.0
Apple iPhone 13 256GB Blanco Estrella Libre,Apple,iPhone 13,,256,White,Yes,1029.01
Xiaomi Redmi Note 12 Pro 6/128GB Gris Grafito Libre,Xiaomi,Redmi Note 12,6,128,Gray,Yes,229.95
Motorola Edge 30 Fusion 8/128GB Negro Libre,Motorola,Edge 30,8,128,Black,Yes,599.0
Apple iPhone 13 512GB (PRODUCT)RED Libre,Apple,iPhone 13,,512,Red,Yes,1259.0
Oppo A74 5G 6/128GB Negro Libre,OPPO,A74,6,128,Black,Yes,319.0
Samsung Galaxy A34 5G 6/128GB Negro Libre,Samsung,Galaxy A34,6,128,Black,Yes,300.0
Xiaomi 11T Pro 5G 8/256GB Gris Libre,Xiaomi,11T Pro,8,256,Gray,Yes,450.0
Google Pixel 6A 6/128GB Carbón Libre,Google,Pixel 6A,6,128,Black,Yes,419.0
ZTE Blade A72 3/64GB Azul Libre,ZTE,Blade A72,3,64,Blue,Yes,149.0
Apple iPhone 13 Pro 128GB Azul Sierra Libre,Apple,iPhone 13,,128,Blue,Yes,1159.0
OPPO Find X5 5G 8/256GB Negro Libre,OPPO,X5,8,256,Black,Yes,999.0
OPPO A57s 4/128GB Negro Libre,OPPO,A57s,4,128,Black,Yes,199.0
Samsung Galaxy S23 256GB Verde Libre + Cargador 25W,Samsung,Galaxy S23,,256,Green,Yes,959.0
Apple iPhone 14 Plus 256GB Blanco Estrella Libre,Apple,iPhone 14,,256,White,Yes,1289.0
Realme GT Neo 3T 8/128GB Negro Libre,Realme,GT Neo 3T,8,128,Black,Yes,432.59
Xiaomi Redmi Note 12 5G 4/128GB Gris Libre,Xiaomi,Redmi Note 12,4,128,Gray,Yes,209.9
Samsung Galaxy A54 5G 8/128GB Violeta Libre + Protector Pantalla,Samsung,Galaxy A54,8,128,Purple,Yes,499.0
Samsung Galaxy A14 4/128GB Plata Libre + Carcasa Card Slot,Samsung,Galaxy A14,4,128,Silver,Yes,209.0
Apple iPhone 11 128GB Negro Libre,Apple,iPhone 11,,128,Black,Yes,429.01
Xiaomi Redmi Note 12 5G 6/128GB Gris Libre,Xiaomi,Redmi Note 12,6,128,Gray,Yes,287.21
Samsung Galaxy A32 5G Enterprise Edition 4/64GB Negro Libre,Samsung,Galaxy A32,4,64,Black,Yes,200.71
Apple iPhone 11 128GB (PRODUCT)RED Libre,Apple,iPhone 11,,128,Red,Yes,429.01
Xiaomi Redmi Note 12 Pro 5G 6/128GB Blanco Libre,Xiaomi,Redmi Note 12,6,128,White,Yes,379.99
Apple iPhone 14 Plus 512GB Medianoche Libre,Apple,iPhone 14,,512,Black,Yes,1549.0
Realme Narzo 50 4/128GB Negro Libre,Realme,Narzo 50,4,128,Black,Yes,222.59
Samsung Galaxy S23 Ultra 512GB Verde Libre,Samsung,Galaxy S23,,512,Green,Yes,1191.0
OPPO A17 4/64GB Azul Libre + USB 32GB,OPPO,A17,4,64,Blue,Yes,179.0
Apple iPhone XR 128GB Negro Libre,Apple,iPhone XR,,128,Black,Yes,330.0
Samsung Galaxy A34 5G 8/256GB Negro Libre,Samsung,Galaxy A34,8,256,Black,Yes,342.99
Apple iPhone 14 128GB (PRODUCT)RED Libre,Apple,iPhone 14,,128,Red,Yes,1008.9999999999999
Apple iPhone 14 Plus 128GB Blanco Estrella Libre,Apple,iPhone 14,,128,White,Yes,1159.0
Samsung Galaxy M13 4/128GB Azul Libre,Samsung,Galaxy M13,4,128,Blue,Yes,209.0
Xiaomi Redmi 12 4/128GB Plata Polar Libre,Xiaomi,Redmi 12,4,128,Silver,Yes,144.95
Apple iPhone 14 Pro Max 512GB Plata Libre,Apple,iPhone 14,,512,Silver,Yes,1859.0
Google Pixel 7 8/128GB Verde Lima Libre,Google,Pixel 7,8,128,Green,Yes,580.0
Samsung Galaxy S23 Plus 256GB Negro Libre,Samsung,Galaxy S23,,256,Black,Yes,1043.63
Apple iPhone 12 128GB Azul Libre,Apple,iPhone 12,,128,Blue,Yes,859.0
Apple iPhone 13 128GB (PRODUCT)RED Libre,Apple,iPhone 13,,128,Red,Yes,909.0
Xiaomi Redmi 9AT 2/32GB Verde Aurora Libre,Xiaomi,Redmi 9AT,2,32,Green,Yes,93.41
Motorola Edge 40 8/256GB Viva Magenta Libre,Motorola,Edge 40,8,256,Pink,Yes,569.0
Apple iPhone 14 Pro Max 128GB Plata Libre,Apple,iPhone 14,,128,Silver,Yes,1469.0
OPPO Find X5 Lite 5G 8/256GB Azul Libre,OPPO,X5,8,256,Blue,Yes,306.0
Apple iPhone 14 256GB Púrpura Libre,Apple,iPhone 14,,256,Purple,Yes,1139.0
Samsung Galaxy S23 128GB Verde Libre + Cargador 25W,Samsung,Galaxy S23,,128,Green,Yes,829.01
Apple iPhone 14 Plus 256GB Azul Libre,Apple,iPhone 14,,256,Blue,Yes,1289.0
Black Shark 5 Pro 8/128GB 5G Blanco Libre,Xiaomi,Shark 5,8,128,White,Yes,839.0
Motorola Moto G23 8/128GB Blanco Libre,Motorola,Moto G23,8,128,White,Yes,229.0
Samsung Galaxy A14 4/128GB Verde Libre,Samsung,Galaxy A14,4,128,Green,Yes,179.95
Apple iPhone SE 2022 128GB Blanco Estrella Libre,Apple,iPhone SE,,128,White,Yes,621.6
POCO X5 5G 6/128GB Verde Libre,POCO,X5,6,128,Green,Yes,299.99
Samsung Galaxy S23 256GB Lila Libre + Cargador 25W,Samsung,Galaxy S23,,256,Purple,Yes,959.0
Samsung Galaxy A14 4/128GB Plata Libre,Samsung,Galaxy A14,4,128,Silver,Yes,179.95
Apple iPhone 12 128GB (PRODUCT)RED Libre,Apple,iPhone 12,,128,Red,Yes,859.0
POCO F5 Pro 5G 12/256GB Negro Libre,POCO,F5,12,256,Black,Yes,629.99
Samsung Galaxy S23 128GB Algodón Libre,Samsung,Galaxy S23,,128,White,Yes,694.9
Realme Narzo 50i Prime 3/32GB Verde Libre,Realme,Narzo 50i,3,32,Green,Yes,141.6
Apple iPhone 14 512GB (PRODUCT)RED Libre,Apple,iPhone 14,,512,Red,Yes,1399.0
Samsung Galaxy S23 Ultra 256GB Negro Libre + Cargador 25W,Samsung,Galaxy S23,,256,Black,Yes,1409.0
Apple iPhone 13 Mini 128GB Rosa Libre,Apple,iPhone 13,,128,Pink,Yes,809.0
Motorola Razr 40 Ultra 8/256GB Infinite Black Libre,Motorola,Razr 40,8,256,Gold,Yes,1199.0
Xiaomi Redmi Note 12 5G 6/128GB Azul Libre,Xiaomi,Redmi Note 12,6,128,Blue,Yes,288.32
OPPO A78 5G 4/128GB Negro Libre,OPPO,A78,4,128,Black,Yes,189.0
Samsung Galaxy A54 5G 8/128GB Blanco Libre + Protector Pantalla,Samsung,Galaxy A54,8,128,White,Yes,499.0
Samsung Galaxy A34 5G 8/256GB Verde Libre,Samsung,Galaxy A34,8,256,Green,Yes,349.94
TCL 305i 2/64GB Azul Libre,TCL,305i,2,64,Blue,Yes,121.99
TCL 40 SE 4/128GB Púrpura Libre,TCL,40 SE,4,128,Purple,Yes,163.59
Motorola Razr 40 8/256GB Summer Lilac Libre,Motorola,Razr 40,8,256,Gold,Yes,899.01
TCL 408 4/64GB Azul Libre,TCL,408,4,64,Blue,Yes,150.99
Apple iPhone 11 64GB (PRODUCT)RED Libre,Apple,iPhone 11,,64,Red,Yes,348.0
POCO F4 6/128GB 5G Negro Nocturno Libre,POCO,F4,6,128,Black,Yes,399.99
Apple iPhone 11 Pro 64GB Oro Libre,Apple,11 Pro,,64,Gold,Yes,419.0
Xiaomi Redmi Note 12 Pro 6/128GB Blanco Polar Libre,Xiaomi,Redmi Note 12,6,128,White,Yes,229.95
POCO X5 Pro 5G 8/256GB Amarillo Libre,POCO,X5 Pro,8,256,Yellow,Yes,399.99
Xiaomi Redmi Note 12 4/64GB Azul Libre,Xiaomi,Redmi Note 12,4,64,Blue,Yes,229.99
Samsung Galaxy S23 Ultra 512GB Lila Libre + Cargador 25W,Samsung,Galaxy S23,,512,Purple,Yes,1589.01
Xiaomi Redmi Note 11 6/128GB Azul Ocaso Libre,Xiaomi,Redmi Note 11,6,128,Blue,Yes,199.0
Xiaomi Redmi Note 12 5G 6/128GB Verde Libre,Xiaomi,Redmi Note 12,6,128,Green,Yes,293.46
Apple iPhone 12 256GB Azul Libre,Apple,iPhone 12,,256,Blue,Yes,979.0
TCL 40 SE 4/128GB Gris Libre,TCL,40 SE,4,128,Gray,Yes,163.59
OPPO Reno10 Pro 5G 12/256GB Púrpura Libre,OPPO,Reno10,12,256,Purple,Yes,649.0
Samsung Galaxy A23 5G 4/128GB Azul Libre,Samsung,Galaxy A23,4,128,Blue,Yes,230.95
Apple iPhone 12 128GB Verde Libre,Apple,iPhone 12,,128,Green,Yes,859.0
Apple iPhone 12 256GB (PRODUCT)RED Libre,Apple,iPhone 12,,256,Red,Yes,979.0
Samsung Galaxy A34 5G 6/128GB Violeta Libre,Samsung,Galaxy A34,6,128,Purple,Yes,309.95
OPPO Reno10 Pro 5G 12/256GB Gris Libre,OPPO,Reno10,12,256,Gray,Yes,649.01
POCO X5 Pro 5G 8/256GB Azul Libre,POCO,X5 Pro,8,256,Blue,Yes,319.98
OPPO Reno8 Lite 5G 8/128GB Negro Libre + Cable USB 3.1 Type-C,OPPO,Reno8,8,128,Black,Yes,429.0
OPPO Find X5 Pro 5G 12/256GB Blanco Libre,OPPO,X5 Pro,12,256,White,Yes,1299.0
TCL 40 SE 6/256GB Gris Libre,TCL,40 SE,6,256,Gray,Yes,200.99
Samsung Galaxy S23 Ultra 256GB Algodón Libre + Cargador 25W,Samsung,Galaxy S23,,256,White,Yes,1409.0
ZTE Blade V40 Vita 4/128GB Negro Libre,ZTE,Blade V40 Vita,4,128,Black,Yes,179.0
Samsung Galaxy S23 Plus 512GB Negro Libre,Samsung,Galaxy S23,,512,Black,Yes,1126.89
Samsung Galaxy S20 FE 6/128GB Azul Libre,Samsung,Galaxy S20,6,128,Blue,Yes,499.0
Apple iPhone 12 64GB Azul Libre,Apple,iPhone 12,,64,Blue,Yes,809.0
Xiaomi Redmi A2 2/32GB Verde Claro Libre,Xiaomi,Redmi A2,2,32,Green,Yes,77.98
Xiaomi Redmi 9C NFC 3/64GB Gris Medianoche Libre,Xiaomi,Redmi 9C,3,64,Gray,Yes,101.07
Apple iPhone 14 Plus 128GB Medianoche Libre,Apple,iPhone 14,,128,Black,Yes,1159.0
Samsung Galaxy A04s 3/32GB Negro Libre,Samsung,Galaxy A04s,3,32,Black,Yes,129.0
TCL 405 2/32GB Lavanda Libre + Auriculares,TCL,405,2,32,Blue,Yes,120.99
Apple iPhone 14 Plus 512GB (PRODUCT)RED Libre,Apple,iPhone 14,,512,Red,Yes,1549.0
Apple iPhone 14 Pro Max 512GB Oro Libre,Apple,iPhone 14,,512,Gold,Yes,1859.0
Apple iPhone 12 Pro 256GB Grafito Libre,Apple,iPhone 12,,256,Black,Yes,678.0
Samsung Galaxy A52s 5G 6/128GB Negro Libre,Samsung,Galaxy A52s,6,128,Black,Yes,380.0
Apple iPhone 13 Mini 512GB Verde Alpino Libre,Apple,iPhone 13,,512,Green,Yes,1159.0
Samsung Galaxy S22 Ultra 5G 12/256GB Negro Libre,Samsung,Galaxy S22,12,256,Black,Yes,1647.19
Xiaomi Redmi 12C 3/64GB Gris Libre,Xiaomi,Redmi 12C,3,64,Gray,Yes,149.89
POCO X5 5G 6/128GB Azul Libre,POCO,X5,6,128,Blue,Yes,299.99
Apple iPhone 12 128GB Púrpura Libre,Apple,iPhone 12,,128,Purple,Yes,859.0
OPPO A57s 4/128GB Negro Libre + Cable USB 3.1 Type-C,OPPO,A57s,4,128,Black,Yes,202.59
Samsung Galaxy S23 Ultra 512GB Lila Libre,Samsung,Galaxy S23,,512,Purple,Yes,1333.0
Apple iPhone 12 Pro 128GB Plata Libre,Apple,iPhone 12,,128,Silver,Yes,625.0
Samsung Galaxy S23 Ultra 256GB Lila Libre + Cargador 25W,Samsung,Galaxy S23,,256,Purple,Yes,1409.0
Xiaomi Redmi 10C 3/64GB Gris Libre,Xiaomi,Redmi 10C,3,64,Gray,Yes,105.04
Apple iPhone X 256GB Gris Espacial Libre,Apple,iPhone X,,256,Gray,Yes,299.0
POCO M5 4/64GB Amarillo Libre,POCO,M5,4,64,Yellow,Yes,189.99
Apple iPhone 12 Pro 128GB Oro Libre,Apple,iPhone 12,,128,Gold,Yes,614.99
Apple iPhone 14 128GB Amarillo Libre,Apple,iPhone 14,,128,Yellow,Yes,1008.9999999999999
Xiaomi Redmi 10 5G 4/128GB Gris Grafito Libre,Xiaomi,Redmi 10,4,128,Gray,Yes,169.94
Xiaomi 12T Pro 12/256GB Azul Libre,Xiaomi,12T,12,256,Blue,Yes,849.99
Xiaomi Redmi Note 11 Pro 6/64GB Blanco Polar Libre,Xiaomi,11 Pro,6,64,White,Yes,299.99
"TCL 403 2GB/32GB/6"" Prime Black",TCL,403,,2,Black,No,92.71
Apple iPhone 12 64GB Verde Libre,Apple,iPhone 12,,64,Green,Yes,809.0
Samsung Galaxy S22 Ultra 5G 12/256GB Verde,Samsung,Galaxy S22,12,256,Green,No,920.0
Samsung Galaxy S21 Plus 5G 256GB Negro Libre,Samsung,Galaxy S21,,256,Black,Yes,378.0
Samsung Galaxy A54 5G 8/128GB Verde Libre + Protector Pantalla,Samsung,Galaxy A54,8,128,Green,Yes,499.0
Samsung Galaxy S22 5G 8/128GB Negro Libre,Samsung,Galaxy S22,8,128,Black,Yes,569.9
Apple iPhone 12 Pro Max 128GB Plata Libre,Apple,iPhone 12,,128,Silver,Yes,694.0
Apple iPhone 12 Mini 128GB Azul Libre,Apple,iPhone 12,,128,Blue,Yes,739.0
Samsung Galaxy S23 Plus 256GB Verde Libre + Cargador 25W,Samsung,Galaxy S23,,256,Green,Yes,1209.0
Samsung Galaxy S23 Plus 512GB Algodón Libre + Cargador 25W,Samsung,Galaxy S23,,512,White,Yes,1249.0
Apple iPhone 13 256GB Medianoche Libre,Apple,iPhone 13,,256,Black,Yes,1029.0
Realme GT2 Pro 8/128GB Negro Libre,Realme,GT2,8,128,Black,Yes,752.59
Samsung Galaxy Z Fold4 12/256 GB Negro Libre,Samsung,Galaxy Z Fold4,12,256,Black,Yes,1160.0
Xiaomi Redmi Note 11S 6/128GB Azul Libre,Xiaomi,Redmi Note 11S,6,128,Blue,Yes,249.9
Xiaomi 12 Pro 12/256GB Azul,Xiaomi,12,12,256,Blue,No,1451.0
POCO M5 4/128GB Verde Libre,POCO,M5,4,128,Green,Yes,209.99
Samsung Galaxy S23 128GB Negro Libre,Samsung,Galaxy S23,,128,Black,Yes,1026.41
Xiaomi Redmi 10A 3/64GB Gris Libre,Xiaomi,Redmi 10A,3,64,Gray,Yes,103.16
Apple iPhone 13 Mini 128GB Verde Alpino Libre,Apple,iPhone 13,,128,Green,Yes,809.0
Apple iPhone 11 Pro 64GB Verde Medianoche Libre,Apple,11 Pro,,64,Green,Yes,417.99
Cubot KingKong 9 12/256GB Negro Libre,Cubot,KingKong 9,12,256,Black,Yes,299.0
ZTE Blade V40 Vita 4/128GB Verde Libre,ZTE,Blade V40 Vita,4,128,Green,Yes,179.0
Samsung Galaxy S21 Ultra 5G 128GB Negro Libre,Samsung,Galaxy S21,,128,Black,Yes,730.01
POCO X5 5G 8/256GB Verde Libre,POCO,X5,8,256,Green,Yes,349.99
TCL 30 SE 4/128GB Azul Libre,TCL,30 SE,4,128,Blue,Yes,174.99
Apple iPhone 12 Pro Max 256GB Azul Pacífico Libre,Apple,iPhone 12,,256,Blue,Yes,687.99
Xiaomi Redmi Note 12S 6/128GB Verde Perlado Libre,Xiaomi,Note 12S,6,128,Green,Yes,278.7
Xiaomi Redmi Note 10 Pro 6/128GB Azul Libre,Xiaomi,Redmi Note 10,6,128,Blue,Yes,329.99
Apple iPhone 13 Pro Max 128GB Oro Libre,Apple,iPhone 13,,128,Gold,Yes,1259.0
Apple iPhone 11 Pro 64GB Plata Libre,Apple,11 Pro,,64,Silver,Yes,439.0
TCL 30 4/64GB Negro Libre,TCL,30,4,64,Black,Yes,184.99
Samsung Galaxy A54 5G 8/256GB Blanco Libre,Samsung,Galaxy A54,8,256,White,Yes,448.99
Samsung Galaxy S23 Plus 512GB Negro Libre + Cargador 25W,Samsung,Galaxy S23,,512,Black,Yes,1249.0
Samsung Galaxy A54 5G 8/256GB Verde Libre,Samsung,Galaxy A54,8,256,Green,Yes,449.95
TCL 305i 2/64GB Negro Libre,TCL,305i,2,64,Black,Yes,121.99
POCO M5s 4/128GB Blanco Libre,POCO,M5s,4,128,White,Yes,229.98
Xiaomi Redmi 9A 2/32GB Verde Aurora Libre,Xiaomi,Redmi 9A,2,32,Green,Yes,119.99
Samsung Galaxy S20 FE 5G 6/128GB Azul Libre,Samsung,Galaxy S20,6,128,Blue,Yes,649.0
Samsung Galaxy S23 256GB Algodón Libre + Cargador 25W,Samsung,Galaxy S23,,256,White,Yes,959.0
Samsung Galaxy S22 Ultra 5G 8/128GB Burdeos Libre,Samsung,Galaxy S22,8,128,Red,Yes,866.0
Xiaomi Redmi 10A 3/64GB Azul Libre,Xiaomi,Redmi 10A,3,64,Blue,Yes,107.9
POCO C40 3/32GB Verde Libre,POCO,C40,3,32,Green,Yes,149.99
Samsung Galaxy Note 20 Ultra 5G 12/256GB Mystic Bronze Libre,Samsung,Galaxy Note 20,12,256,Bronze,Yes,909.0
Xiaomi Redmi 12C 3/64GB Azul Libre,Xiaomi,Redmi 12C,3,64,Blue,Yes,119.0
Xiaomi Redmi Go 16GB Dual Sim Negro Libre,Xiaomi,Redmi Go,,16,Black,Yes,126.24
Ulefone Armor X10 Pro 4/64GB Negro Libre,Ulefone,Armor X10,4,64,Black,Yes,179.99
POCO X5 5G 8/256GB Azul Libre + Cable USB-C a Jack,POCO,X5,8,256,Blue,Yes,343.99
Apple iPhone 14 Plus 512GB Púrpura Libre,Apple,iPhone 14,,512,Purple,Yes,1549.0
TCL 30 4/64GB Azul Libre,TCL,30,4,64,Blue,Yes,184.99
Apple iPhone 14 Plus 512GB Blanco Estrella Libre,Apple,iPhone 14,,512,White,Yes,1519.0
Samsung Galaxy S23 Plus 256GB Algodón Libre + Cargador 25W,Samsung,Galaxy S23,,256,White,Yes,1209.0
Samsung Galaxy A14 4/64GB Verde Libre,Samsung,Galaxy A14,4,64,Green,Yes,159.95
Realme GT Master Edition 5G 6/128GB Blanco Libre,Realme,GT Master Edition,6,128,White,Yes,351.6
Samsung Galaxy A20e 3/32GB Negro Libre,Samsung,Galaxy A20e,3,32,Black,Yes,105.0
Samsung Galaxy A34 5G 8/256GB Plata Libre,Samsung,Galaxy A34,8,256,Silver,Yes,349.94
TCL 30E 3/64GB Gris Libre,TCL,30E,3,64,Gray,Yes,149.99
Motorola Razr 40 Ultra 8/256GB Viva Magenta Libre,Motorola,Razr 40,8,256,Pink,Yes,1199.0
Samsung Galaxy S22 5G 256GB Rosa Dorado Libre + Cargador 25W,Samsung,Galaxy S22,,256,Pink,Yes,699.0
Black Shark 5 12/256GB 5G Negro Libre,Xiaomi,Shark 5,12,256,Black,Yes,573.03
Samsung Galaxy S23 Plus 512GB Lila Libre,Samsung,Galaxy S23,,512,Purple,Yes,954.0
Apple iPhone XR 64 GB (PRODUCT)RED Libre,Apple,iPhone XR,,64,Red,Yes,269.0
Motorola Edge 30 Neo 8/128GB Negro Libre,Motorola,Edge 30,8,128,Black,Yes,399.0
Samsung Galaxy S23 128GB Algodón Libre + Cargador 25W,Samsung,Galaxy S23,,128,White,Yes,829.01
Samsung Galaxy S21 FE 5G 8/256GB Gris Libre,Samsung,Galaxy S21,8,256,Gray,Yes,649.0
Apple iPhone XR 64 GB Blanco Libre,Apple,iPhone XR,,64,White,Yes,270.0
OPPO Reno8 Lite 5G 8/128GB Negro Libre,OPPO,Reno8,8,128,Black,Yes,479.49
Oppo A54 5G 4/64GB Morado Libre,OPPO,A54,4,64,Purple,Yes,269.0
Samsung Galaxy Note 10 Plus 256GB Aura Glow Libre,Samsung,Galaxy Note 10,,256,Purple,Yes,810.78
Xiaomi Redmi Note 12 Pro 5G 8/128GB Negro Libre + Cable USB-C a Jack,Xiaomi,Redmi Note 12,8,128,Black,Yes,399.0
ZTE Blade A31 Lite 32GB Azul Libre,ZTE,Blade A31,,32,Blue,Yes,69.37
Samsung Galaxy S23 128GB Lila Libre,Samsung,Galaxy S23,,128,Purple,Yes,699.95
POCO X5 5G 8/256GB Azul Libre,POCO,X5,8,256,Blue,Yes,327.0
Samsung Galaxy S23 Plus 256GB Algodón Libre,Samsung,Galaxy S23,,256,White,Yes,1430.5
TCL 405 2/32GB Gris Oscuro Libre + Auriculares,TCL,405,2,32,Gray,Yes,120.99
Xiaomi PocoPhone X3 Pro 6/128GB Bronce Libre,Xiaomi,X3,6,128,Bronze,Yes,354.38
Samsung Galaxy Z Fold4 12/512GB Negro Libre + Cargador de Pared 25W,Samsung,Galaxy Z Fold4,12,512,Black,Yes,1919.0
Samsung Galaxy S21 Ultra 5G 256GB Negro Libre,Samsung,Galaxy S21,,256,Black,Yes,499.0
OPPO Reno6 5G 8/128GB Negro Libre,OPPO,Reno6,8,128,Black,Yes,499.0
Apple iPhone 13 Mini 128GB Azul Libre,Apple,iPhone 13,,128,Blue,Yes,809.0
Apple iPhone XR 128GB (PRODUCT)RED Libre,Apple,iPhone XR,,128,Red,Yes,327.99
POCO F5 5G 8/256GB Azul Libre,POCO,F5,8,256,Blue,Yes,429.01
Oppo Find X3 Pro 12/256GB Negro Libre,OPPO,X3,12,256,Black,Yes,1169.0
Samsung Galaxy S22 Ultra 5G 8/128GB Negro Libre,Samsung,Galaxy S22,8,128,Black,Yes,889.99
Apple iPhone 14 Pro Max 512GB Morado Oscuro Libre,Apple,iPhone 14,,512,Purple,Yes,1859.0
Apple iPhone 13 128GB Verde Alpino Libre,Apple,iPhone 13,,128,Green,Yes,909.0
Xiaomi Redmi 10A 3/64GB Plata Libre + Cable USB-C a Jack,Xiaomi,Redmi 10A,3,64,Silver,Yes,159.0
Samsung Galaxy A32 4/128GB Negro Libre,Samsung,Galaxy A32,4,128,Black,Yes,324.99
Realme 9 5G 4/128GB Negro Libre,Realme,9,4,128,Black,Yes,282.58
Apple iPhone 12 Mini 256GB (PRODUCT)RED Libre,Apple,iPhone 12,,256,Red,Yes,859.0
Google Pixel 7 8/128GB Nieve Libre,Google,Pixel 7,8,128,White,Yes,654.0
Apple iPhone 13 256GB Azul Libre,Apple,iPhone 13,,256,Blue,Yes,1029.0
Samsung Galaxy S23 Plus 256GB Lila Libre,Samsung,Galaxy S23,,256,Purple,Yes,893.0
Xiaomi Redmi Note 12 Pro 5G 6/128GB Negro Libre,Xiaomi,Redmi Note 12,6,128,Black,Yes,379.99
Samsung Galaxy A34 5G 6/128GB Verde Libre,Samsung,Galaxy A34,6,128,Green,Yes,299.9
Apple iPhone 12 256GB Púrpura Libre,Apple,iPhone 12,,256,Purple,Yes,979.0
OnePlus Nord N10 5G 6/128GB Azul Hielo Libre,OnePlus,Nord N10,6,128,Blue,Yes,219.0
Apple iPhone 12 Mini 64GB Azul Libre,Apple,iPhone 12,,64,Blue,Yes,689.0
Apple iPhone 7 32GB Negro Mate Libre,Apple,iPhone 7,,32,Black,Yes,199.0
Xiaomi Redmi Note 12 Pro 5G 8/128GB Azul Libre,Xiaomi,Redmi Note 12,8,128,Blue,Yes,299.95
Xiaomi 13 8/256GB Verde Libre,Xiaomi,13,8,256,Green,Yes,825.4
Xiaomi Redmi 10C 3/64GB Verde Libre,Xiaomi,Redmi 10C,3,64,Green,Yes,107.94
Oppo Reno4 Pro 5G 12/256GB Galactic Blue Libre,OPPO,Reno4,12,256,Blue,Yes,229.0
Apple iPhone 12 64GB (PRODUCT)RED Libre,Apple,iPhone 12,,64,Red,Yes,809.0
Apple iPhone 14 Plus 128GB Amarillo Libre,Apple,iPhone 14,,128,Yellow,Yes,1159.0
Apple iPhone X 64GB Plata Libre,Apple,iPhone X,,64,Silver,Yes,259.0
Samsung Galaxy S20 Plus 12/128GB 5G Cosmic Black Libre,Samsung,Galaxy S20,12,128,Black,Yes,1164.79
Xiaomi Redmi 10A 3/64GB Plata Libre,Xiaomi,Redmi 10A,3,64,Silver,Yes,122.27
CAT S62 Pro 6/128GB Dual SIM Negro Libre,CAT,S62,6,128,Black,Yes,588.99
Samsung Galaxy A34 5G 8/256GB Violeta Libre,Samsung,Galaxy A34,8,256,Purple,Yes,349.94
Xiaomi 11T Pro 5G 8/256GB Azul Libre,Xiaomi,11T Pro,8,256,Blue,Yes,623.0
SPC Jasper 2 4G Teléfono para Mayores Negro,SPC,Jasper 2,,,Black,No,95.0
Apple iPhone 11 64GB Verde Libre,Apple,iPhone 11,,64,Green,Yes,368.0
Realme 9i 4/128GB Azul Libre,Realme,9i,4,128,Blue,Yes,252.59
POCO M5s 4/64GB Negro Libre,POCO,M5s,4,64,Black,Yes,210.0
Apple iPhone 12 Pro Max 128GB Azul Pacífico Libre,Apple,iPhone 12,,128,Blue,Yes,922.58
Xiaomi 11T 5G 8/128GB Azul Libre,Xiaomi,11T,8,128,Blue,Yes,399.0
Samsung Galaxy S21 5G 128GB Violeta Libre,Samsung,Galaxy S21,,128,Purple,Yes,1128.89
Black Shark 4 12/256GB Negro Libre,Xiaomi,Shark 4,12,256,Black,Yes,420.52
Samsung Galaxy A14 5G 4/128GB Verde Libre,Samsung,Galaxy A14,4,128,Green,Yes,281.18
Samsung Galaxy S10 8/128GB Negro Libre,Samsung,Galaxy S10,8,128,Black,Yes,520.15
Samsung Galaxy S23 Ultra 256GB Lila Libre,Samsung,Galaxy S23,,256,Purple,Yes,1199.0
Nokia G21 4/128GB Azul Libre,Nokia,G21,4,128,Blue,Yes,196.63
Apple iPhone 13 Pro Max 256GB Grafito Libre,Apple,iPhone 13,,256,Black,Yes,1379.0
Xiaomi Redmi Note 11 4/64GB Gris Grafito Libre,Xiaomi,Redmi Note 11,4,64,Gray,Yes,189.99
Apple iPhone 12 Pro Max 256GB Grafito Libre,Apple,iPhone 12,,256,Black,Yes,706.0
Apple iPhone 13 Pro Max 256GB Oro Libre,Apple,iPhone 13,,256,Gold,Yes,1379.0
Apple iPhone 13 Pro Max 256GB Azul Sierra Libre,Apple,iPhone 13,,256,Blue,Yes,1379.0
Xiaomi Redmi 10C 4/128GB Verde Libre,Xiaomi,Redmi 10C,4,128,Green,Yes,158.99
Apple iPhone 13 256GB Verde Alpino Libre,Apple,iPhone 13,,256,Green,Yes,1029.0
POCO F5 5G 8/256GB Blanco Libre,POCO,F5,8,256,White,Yes,439.0
Samsung Galaxy A54 5G Enterprise Edition 8/128GB Negro Libre,Samsung,Galaxy A54,8,128,Black,Yes,393.06
Samsung Galaxy S21 FE 5G 2022 6/128GB Verde Libre + Cargador,Samsung,Galaxy S21,6,128,Green,Yes,749.0
Apple iPhone 14 512GB Blanco Estrella Libre,Apple,iPhone 14,,512,White,Yes,1359.0
Apple iPhone SE 2022 256GB (PRODUCT) RED Libre,Apple,iPhone SE,,256,Red,Yes,731.6
Xiaomi Redmi A2 2/32GB Azul Claro Libre,Xiaomi,Redmi A2,2,32,Blue,Yes,79.99
Apple iPhone 13 512GB Rosa Libre,Apple,iPhone 13,,512,Pink,Yes,1239.0
Apple iPhone 14 Pro 1TB Plata Libre,Apple,iPhone 14,,1000,Silver,Yes,1969.0
Apple iPhone 11 Pro Max 256GB Verde Medianoche Libre,Apple,11 Pro,,256,Green,Yes,589.0
OPPO A17 4/64GB Negro Libre,OPPO,A17,4,64,Black,Yes,138.99
Samsung Galaxy Z Fold4 12/256GB Beige Libre,Samsung,Galaxy Z Fold4,12,256,White,Yes,1493.29
Apple iPhone 11 64GB Malva Libre,Apple,iPhone 11,,64,Purple,Yes,368.0
Xiaomi 13 Pro 12/256GB Negro Libre,Xiaomi,13,12,256,Black,Yes,1310.08
POCO F5 5G 12/256GB Blanco Libre,POCO,F5,12,256,White,Yes,479.99
Apple iPhone 13 Mini 128GB (PRODUCT)RED Libre,Apple,iPhone 13,,128,Red,Yes,809.0
Apple iPhone XS Max 256Gb Plata Libre,Apple,iPhone XS,,256,Silver,Yes,389.0
Samsung Galaxy S22 Ultra 5G 8/128GB Blanco Libre,Samsung,Galaxy S22,8,128,White,Yes,844.0
Xiaomi Mi 11 5G 8/128GB Gris Libre,Xiaomi,Mi 11,8,128,Gray,Yes,302.29
Xiaomi Redmi Note 10 5G 4/64Gb Azul Libre,Xiaomi,Redmi Note 10,4,64,Blue,Yes,201.47
Samsung Galaxy S21 Plus 5G 128GB Negro Libre,Samsung,Galaxy S21,,128,Black,Yes,759.0
Apple iPhone 12 Mini 64GB (PRODUCT)RED Libre,Apple,iPhone 12,,64,Red,Yes,689.0
Samsung Galaxy Z Flip3 5G 8/256GB Negro Libre,Samsung,Galaxy Z Flip3,8,256,Black,Yes,621.56
Apple iPhone 14 Pro 1TB Oro Libre,Apple,iPhone 14,,1000,Gold,Yes,1969.0
Honor Magic 4 Lite 5G 6/128GB Azul Libre,Honor,Magic 4,6,128,Blue,Yes,219.95
OPPO Reno8 5G 8/256GB Negro Libre + Cable USB 3.1 Type-C,OPPO,Reno8,8,256,Black,Yes,521.61
Realme 8i 4/128GB Negro Libre,Realme,8I,4,128,Black,Yes,221.6
Apple iPhone 13 Mini 128GB Medianoche Libre,Apple,iPhone 13,,128,Black,Yes,809.0
Xiaomi 11 Lite 5G NE 8/128GB Rosa Libre,Xiaomi,11 Lite,8,128,Pink,Yes,422.24
Apple iPhone 13 Pro Max 128GB Plata Libre,Apple,iPhone 13,,128,Silver,Yes,1259.0
Samsung Galaxy M13 4/64GB Naranja Libre,Samsung,Galaxy M13,4,64,Orange,Yes,179.0
Xiaomi Redmi Note 11 Pro 5G 6/128GB Azul Atlántico Libre,Xiaomi,11 Pro,6,128,Blue,Yes,415.51
Samsung Galaxy S20 FE 5G 6/128GB Lavanda Libre,Samsung,Galaxy S20,6,128,Blue,Yes,649.0
Realme GT2 Pro 12/256GB Negro Libre,Realme,GT2,12,256,Black,Yes,852.59
Samsung Galaxy A13 4/64GB Azul Libre,Samsung,Galaxy A13,4,64,Blue,Yes,228.69
Samsung Galaxy S9 Negro Libre Importación EU,Samsung,Galaxy S9,,,Black,Yes,410.04
POCO F5 5G 8/256GB Negro Libre,POCO,F5,8,256,Black,Yes,429.01
Samsung Galaxy S23 256GB Lila Libre,Samsung,Galaxy S23,,256,Purple,Yes,790.0
Xiaomi 12 Pro 12/256GB Gris Libre,Xiaomi,12,12,256,Gray,Yes,780.85
Apple iPhone SE 2022 256GB Blanco Estrella Libre,Apple,iPhone SE,,256,White,Yes,701.61
Samsung Galaxy S23 Plus 256GB Lila Libre + Cargador 25W,Samsung,Galaxy S23,,256,Purple,Yes,1209.0
OPPO A57s 4/128GB Azul Libre + Cable USB 3.1 Type-C,OPPO,A57s,4,128,Blue,Yes,202.59
Realme 8 4/64GB Plata Libre,Realme,8,4,64,Silver,Yes,202.59
Xiaomi Redmi Note 11 Pro 5G 8/128GB Gris Libre,Xiaomi,11 Pro,8,128,Gray,Yes,379.0
Motorola Moto E22 4/64GB Negro Libre,Motorola,Moto E22,4,64,Black,Yes,143.93
Samsung Galaxy A14 4/64GB Plata Libre,Samsung,Galaxy A14,4,64,Silver,Yes,159.95
Oppo A96 8/128GB Negro Libre,OPPO,A96,8,128,Black,Yes,199.0
Samsung Galaxy Z Flip4 8/128GB Gris + Cargador de Pared 25W,Samsung,Galaxy Z Flip4,8,128,Gray,No,1099.0
Samsung Galaxy S23 Plus 512GB Verde Libre + Cargador 25W,Samsung,Galaxy S23,,512,Green,Yes,1249.0
Apple iPhone 8 256GB Gris Espacial Libre,Apple,iPhone 8,,256,Gray,Yes,189.99
Apple iPhone 12 Pro Max 128GB Oro Libre,Apple,iPhone 12,,128,Gold,Yes,694.0
Apple iPhone 12 64GB Negro Libre,Apple,iPhone 12,,64,Black,Yes,809.0
Apple iPhone 13 Mini 256GB Azul Libre,Apple,iPhone 13,,256,Blue,Yes,929.0
Apple iPhone 13 Pro 128GB Oro Libre,Apple,iPhone 13,,128,Gold,Yes,1159.0
Xiaomi Redmi 10 2022 4/128GB Azul Libre,Xiaomi,Redmi 10,4,128,Blue,Yes,199.99
Black Shark 5 Pro 8/128GB 5G Negro Libre,Xiaomi,Shark 5,8,128,Black,Yes,819.0
Apple iPhone 13 Mini 512GB Rosa Libre,Apple,iPhone 13,,512,Pink,Yes,1159.0
TCL 30 Plus 4/128GB Azul Libre,TCL,30,4,128,Blue,Yes,204.99
Xiaomi Mi 9 Lite 6/64GB Azul Boreal Libre,Xiaomi,Mi 9,6,64,Blue,Yes,306.59
Apple iPhone 13 512GB Azul Libre,Apple,iPhone 13,,512,Blue,Yes,1239.0
Oppo A54s 4/128GB Negro Libre,OPPO,A54s,4,128,Black,Yes,184.0
OPPO Find X3 Lite 8/128GB Negro Libre,OPPO,X3,8,128,Black,Yes,469.0
OPPO A77 5G 4/64GB Negro Libre,OPPO,A77,4,64,Black,Yes,442.23
Xiaomi Redmi 9C 4/128GB Gris Libre,Xiaomi,Redmi 9C,4,128,Gray,Yes,129.95
OPPO Find X5 Pro 5G 12/256GB Negro Libre,OPPO,X5 Pro,12,256,Black,Yes,1299.0
Xiaomi Mi 11i 5G 8/256GB Negro Libre,Xiaomi,Mi 11i,8,256,Black,Yes,234.0
Xiaomi Redmi Note 12 Pro 5G 6/128GB Azul Libre,Xiaomi,Redmi Note 12,6,128,Blue,Yes,379.99
Apple iPhone 11 Pro Max 256GB Gris Espacial Libre,Apple,11 Pro,,256,Gray,Yes,589.0
Apple iPhone XS Max 256Gb Gris Espacial Libre,Apple,iPhone XS,,256,Gray,Yes,388.0
Huawei P30 Pro 8/128GB Black Libre,Huawei,P30,8,128,Black,Yes,849.58
Cubot P80 8/256GB Morado Libre,Cubot,P80,8,256,Purple,Yes,229.0
Samsung Galaxy Note 10 Plus 256GB Blanco Libre,Samsung,Galaxy Note 10,,256,White,Yes,810.78
Samsung Galaxy A50 4/128GB Negro Libre,Samsung,Galaxy A50,4,128,Black,Yes,249.01
ZTE Blade A31 Lite 32GB Gris Libre,ZTE,Blade A31,,32,Gray,Yes,60.46
ZTE Blade A52 Lite 2/32GB Gris Libre,ZTE,Blade A52,2,32,Gray,Yes,109.0
Ulefone Armor X9 Pro 4/64GB Rojo Libre,Ulefone,Armor X9,4,64,Red,Yes,169.99
Xiaomi Redmi Note 11 4/64GB Azul Ocaso Libre,Xiaomi,Redmi Note 11,4,64,Blue,Yes,189.99
OPPO Reno6 Pro 5G 12/256GB Azul Libre,OPPO,Reno6,12,256,Blue,Yes,799.0
Cubot P80 8/256GB Azul Libre,Cubot,P80,8,256,Blue,Yes,229.0
Xiaomi Redmi 10 2022 4/64GB Azul Libre,Xiaomi,Redmi 10,4,64,Blue,Yes,156.53
Xiaomi Redmi Note 10 Pro 8/128GB Azul Libre,Xiaomi,Redmi Note 10,8,128,Blue,Yes,349.0
Apple iPhone 12 Mini 128GB Negro Libre,Apple,iPhone 12,,128,Black,Yes,739.0
Google Pixel 6A 6/128GB Verde Salvia Libre,Google,Pixel 6A,6,128,Green,Yes,425.0
Oppo A54 5G 4/64GB Negro Libre,OPPO,A54,4,64,Black,Yes,269.0
Apple iPhone 13 512GB Verde Alpino Libre,Apple,iPhone 13,,512,Green,Yes,1259.0
Apple iPhone 14 Pro 512GB Morado Oscuro Libre,Apple,iPhone 14,,512,Purple,Yes,1709.0
OPPO A16s 4/64GB Negro Libre,OPPO,A16s,4,64,Black,Yes,189.0
Samsung Galaxy A13 3/32GB Azul Libre,Samsung,Galaxy A13,3,32,Blue,Yes,146.0
Samsung Galaxy A53 5G 6/128GB Naranja Libre,Samsung,Galaxy A53,6,128,Orange,Yes,390.0
Xiaomi 12 Lite 8/128 GB Verde Libre,Xiaomi,12,8,128,Green,Yes,363.04
Apple iPhone 12 Mini 128GB Blanco Libre,Apple,iPhone 12,,128,White,Yes,739.0
OPPO Find X5 5G 8/256GB Blanco Libre,OPPO,X5,8,256,White,Yes,999.0
Xiaomi Redmi 12C 3/32GB Verde Libre,Xiaomi,Redmi 12C,3,32,Green,Yes,149.99
Xiaomi Redmi Note 11 Pro 6/128GB Azul Estelar Libre,Xiaomi,11 Pro,6,128,Blue,Yes,349.99
Apple iPhone 11 Pro Max 256GB Plata Libre,Apple,11 Pro,,256,Silver,Yes,589.0
Samsung Galaxy Note 10 Lite 6/128GB Aura Black,Samsung,Galaxy Note 10,6,128,Black,No,219.0
Xiaomi Redmi Note 9T 4/128GB Negro Libre,Xiaomi,Redmi Note 9T,4,128,Black,Yes,359.98
Apple iPhone 11 Pro 64GB Gris Espacial Libre,Apple,11 Pro,,64,Gray,Yes,413.0
Xiaomi 11T 5G 8/128GB Gris Libre,Xiaomi,11T,8,128,Gray,Yes,448.99
Xiaomi Mi 8 Lite 4GB/64GB Dual Sim Negro Libre,Xiaomi,Mi 8,,4,Black,Yes,194.87
Apple iPhone 11 Pro Max 64GB Gris Espacial Libre,Apple,11 Pro,,64,Gray,Yes,487.0
Apple iPhone X 64GB Gris Espacial Libre,Apple,iPhone X,,64,Gray,Yes,269.0
Realme GT Neo 2 5G 12/256GB Negro Libre,Realme,GT Neo 2,12,256,Black,Yes,553.95
Samsung Galaxy A13 A137 4/128GB Negro Libre,Samsung,Galaxy A13,4,128,Black,Yes,199.0
Cubot P80 8/256GB Negro Libre,Cubot,P80,8,256,Black,Yes,229.0
Samsung Galaxy A33 5G 6/128GB Azul Libre,Samsung,Galaxy A33,6,128,Blue,Yes,359.0
Xiaomi Redmi 10 5G 4/128GB Verde Libre,Xiaomi,Redmi 10,4,128,Green,Yes,179.95
Xiaomi Redmi 9A 2/32GB Verde Libre,Xiaomi,Redmi 9A,2,32,Green,Yes,85.99
Samsung Galaxy A41 4/64GB Negro Libre,Samsung,Galaxy A41,4,64,Black,Yes,140.0
Samsung Galaxy S10 8/128GB Verde Libre,Samsung,Galaxy S10,8,128,Green,Yes,214.0
Apple iPhone 11 64 GB Malva Libre,Apple,iPhone 11,,64,Purple,Yes,589.0
POCO F5 Pro 5G 8/256GB Negro Libre,POCO,F5,8,256,Black,Yes,579.99
Motorola Moto G52 6/128GB Charcoal Grey Libre,Motorola,Moto G52,6,128,Gold,Yes,188.31
Apple iPhone 13 Pro Max 512GB Verde Alpino Libre,Apple,iPhone 13,,512,Green,Yes,1609.0
Apple iPhone XR 64 GB Amarillo Libre,Apple,iPhone XR,,64,Yellow,Yes,269.0
Samsung Galaxy Z Fold4 12/256GB Beige Libre + Cargador de Pared 25W,Samsung,Galaxy Z Fold4,12,256,White,Yes,1799.0
Apple iPhone 12 Mini 128GB (PRODUCT)RED Libre,Apple,iPhone 12,,128,Red,Yes,739.0
Cubot X70 12/256GB Space Black Libre,Cubot,X70,12,256,Black,Yes,249.95
Oppo A74 5G 6/128GB Plata Libre,OPPO,A74,6,128,Silver,Yes,319.0
Samsung Galaxy S23 Ultra 1TB Negro Libre,Samsung,Galaxy S23,,1000,Black,Yes,1410.0
Apple iPhone 12 64GB Púrpura Libre,Apple,iPhone 12,,64,Purple,Yes,799.0
Xiaomi 13 8/256GB Blanco Libre,Xiaomi,13,8,256,White,Yes,982.29
Xiaomi PocoPhone F3 5G 8/256GB Blanco Ártico Libre,Xiaomi,PocoPhone F3,8,256,White,Yes,369.0
Apple iPhone 13 Mini 256GB Rosa Libre,Apple,iPhone 13,,256,Pink,Yes,929.0
OPPO Find X5 Lite 5G 8/256GB Negro Libre + Cable USB 3.1 Type-C,OPPO,X5,8,256,Black,Yes,499.0
Apple iPhone 11 128GB Blanco Libre,Apple,iPhone 11,,128,White,Yes,429.01
Apple iPhone 14 Pro Max 1TB Morado Oscuro Libre,Apple,iPhone 14,,1000,Purple,Yes,2119.0
Motorola Moto G62 5G 4/128GB Gris Libre,Motorola,Moto G62,4,128,Gray,Yes,186.98
Apple iPhone 11 128GB Verde Libre,Apple,iPhone 11,,128,Green,Yes,639.0
Samsung Galaxy A53 5G 6/128GB Azul Libre,Samsung,Galaxy A53,6,128,Blue,Yes,399.0
Samsung Galaxy A52 5G 128Gb Negro Libre,Samsung,Galaxy A52,,128,Black,Yes,400.0
Samsung Galaxy Z Fold4 12/512GB Verde Libre + Cargador de Pared 25W,Samsung,Galaxy Z Fold4,12,512,Green,Yes,1919.0
Samsung Galaxy A13 4/64GB Negro Libre,Samsung,Galaxy A13,4,64,Black,Yes,189.99
TCL 305i 2/32GB Negro Libre,TCL,305i,2,32,Black,Yes,80.63
Xiaomi Redmi 10C 3/64GB Azul Libre,Xiaomi,Redmi 10C,3,64,Blue,Yes,107.94
Samsung Galaxy S21 FE 5G 6/128GB Gris Libre,Samsung,Galaxy S21,6,128,Gray,Yes,759.0
Samsung Galaxy S20 FE 5G 8/256GB Lavanda Libre,Samsung,Galaxy S20,8,256,Blue,Yes,654.53
Xiaomi 13 Pro 12/256GB Blanco Libre,Xiaomi,13,12,256,White,Yes,1338.8
Samsung Galaxy A40 4/64GB Negro Libre,Samsung,Galaxy A40,4,64,Black,Yes,261.61
Samsung Galaxy S21 FE 5G 8/256GB Violeta Libre,Samsung,Galaxy S21,8,256,Purple,Yes,806.04
OPPO Reno8 5G 8/256GB Negro Libre,OPPO,Reno8,8,256,Black,Yes,391.13
Samsung Galaxy Note 20 Ultra 5G 12/256GB Mystic Black Libre,Samsung,Galaxy Note 20,12,256,Black,Yes,517.0
Apple iPhone 13 Pro 256GB Azul Sierra Libre,Apple,iPhone 13,,256,Blue,Yes,1279.0
Xiaomi Redmi 9C 2/32GB Gris Libre,Xiaomi,Redmi 9C,2,32,Gray,Yes,170.01
Google Pixel 4a 6/128GB Negro Libre,Google,Pixel 4a,6,128,Black,Yes,245.0
OPPO A76 4/128GB Glowing Black Libre + Cable USB 3.1 Type-C,OPPO,A76,4,128,Black,Yes,239.0
Samsung Galaxy A13 5G 4/128GB Azul Libre Versión Importada EU,Samsung,Galaxy A13,4,128,Blue,Yes,199.95
Apple iPhone 13 512GB Blanco Estrella Libre,Apple,iPhone 13,,512,White,Yes,1249.0
Apple iPhone 13 Mini 256GB Verde Alpino Libre,Apple,iPhone 13,,256,Green,Yes,929.0
Apple iPhone 13 Mini 512GB (PRODUCT)RED Libre,Apple,iPhone 13,,512,Red,Yes,1159.0
Samsung Galaxy S23 128GB Verde Libre,Samsung,Galaxy S23,,128,Green,Yes,729.0
Samsung Galaxy Z Fold4 12/256GB Negro Libre + Cargador de Pared 25W,Samsung,Galaxy Z Fold4,12,256,Black,Yes,1799.0
Xiaomi 12T 8/256GB Azul Libre,Xiaomi,12T,8,256,Blue,Yes,502.0
Realme GT Neo 3 5G 12/256GB Azul Libre,Realme,GT Neo 3,12,256,Blue,Yes,699.0
Apple iPhone 7 256GB Negro Brillante Libre,Apple,iPhone 7,,256,Black,Yes,180.0
Honor 70 5G 8/256GB Verde Libre,Honor,70,8,256,Green,Yes,702.84
Apple iPhone 14 256GB Amarillo Libre,Apple,iPhone 14,,256,Yellow,Yes,1139.0
Apple iPhone 8 Plus 64Gb Dorado Libre,Apple,iPhone 8,,64,Gold,Yes,194.0
Apple iPhone 8 64Gb Plata Libre,Apple,iPhone 8,,64,Silver,Yes,150.0
POCO M4 5G 4/64GB Azul Libre,POCO,M4,4,64,Blue,Yes,199.99
Samsung Galaxy S21 FE 5G 6/128GB Gris Grafito Libre,Samsung,Galaxy S21,6,128,Gray,Yes,480.45
Apple iPhone 8 256Gb Plata Libre,Apple,iPhone 8,,256,Silver,Yes,189.99
Apple iPhone 11 64 GB (PRODUCT)RED Libre,Apple,iPhone 11,,64,Red,Yes,589.0
Realme GT Master Edition 5G 6/128GB Negro Libre,Realme,GT Master Edition,6,128,Black,Yes,351.6
Samsung Galaxy S20 Plus 8/128GB Cosmic Black Libre,Samsung,Galaxy S20,8,128,Black,Yes,1063.47
POCO F5 5G 12/256GB Azul Libre,POCO,F5,12,256,Blue,Yes,479.99
Apple iPhone XS Max 64Gb Gris Espacial Libre,Apple,iPhone XS,,64,Gray,Yes,302.0
Honor Magic5 Lite 5G 6/128GB Emerald Green Libre,Honor,Magic5,6,128,Green,Yes,449.55
Black Shark 5 Pro 12/256GB 5G Negro Libre,Xiaomi,Shark 5,12,256,Black,Yes,779.0
Samsung Galaxy A14 5G 4/128GB Negro Libre,Samsung,Galaxy A14,4,128,Black,Yes,209.0
Samsung Galaxy S10+ 128Gb Blanco Prisma Libre  ,Samsung,S10+,,128,White,Yes,563.69
Xiaomi Redmi 9C NFC 2/32GB Gris,Xiaomi,Redmi 9C,2,32,Gray,No,92.93
POCO M5 4/128GB Amarillo Libre,POCO,M5,4,128,Yellow,Yes,206.99
Apple iPhone 12 Pro 256GB Oro Libre,Apple,iPhone 12,,256,Gold,Yes,667.0
Samsung Galaxy S20 FE 6/128GB Rojo Libre,Samsung,Galaxy S20,6,128,Red,Yes,649.0
Apple iPhone 14 Plus 256GB Amarillo Libre,Apple,iPhone 14,,256,Yellow,Yes,1289.0
Xiaomi Redmi Note 10S 6/128GB Gris Libre,Xiaomi,Note 10S,6,128,Gray,Yes,295.97
Google Pixel 6 Pro 12/128GB Carbón Libre,Google,Pixel 6,12,128,Black,Yes,1166.96
OPPO Reno8 Pro 5G 8/256GB Verde Libre,OPPO,Reno8,8,256,Green,Yes,699.0
Apple iPhone 11 Pro 256GB Plata Libre,Apple,11 Pro,,256,Silver,Yes,627.02
Apple iPhone 14 512GB Medianoche Libre,Apple,iPhone 14,,512,Black,Yes,1399.0
Xiaomi Redmi Note 11S 5G 4/128GB Negro Medianoche Libre,Xiaomi,Redmi Note 11S,4,128,Black,Yes,199.95
POCO M4 5G 4/64GB Negro Libre,POCO,M4,4,64,Black,Yes,199.99
Xiaomi PocoPhone F3 5G 8/256GB Plata Lunar Libre,Xiaomi,PocoPhone F3,8,256,Silver,Yes,369.0
Xiaomi Redmi 9C 4/128GB Gris Medianoche Libre,Xiaomi,Redmi 9C,4,128,Gray,Yes,196.26
Oppo Find X3 Neo 12/256GB Negro Libre,OPPO,X3,12,256,Black,Yes,807.0
Samsung Galaxy Z Fold4 12/256GB Verde Libre + Cargador de Pared 25W,Samsung,Galaxy Z Fold4,12,256,Green,Yes,1799.0
Xiaomi Redmi 10 2022 4/128GB Blanco Libre,Xiaomi,Redmi 10,4,128,White,Yes,240.84
Huawei P40 Pro 5G 8/256GB Negro  Libre,Huawei,P40,8,256,Black,Yes,938.57
Xiaomi Redmi 10 2022 4/64GB Gris Libre,Xiaomi,Redmi 10,4,64,Gray,Yes,213.47
Apple iPhone 8 64Gb Dorado Libre,Apple,iPhone 8,,64,Gold,Yes,155.0
Apple iPhone 12 Pro Max 128GB Grafito Libre,Apple,iPhone 12,,128,Black,Yes,913.88
Apple iPhone 8 256Gb Dorado Libre,Apple,iPhone 8,,256,Gold,Yes,199.0
Xiaomi Redmi A2 2/32GB Negro Libre,Xiaomi,Redmi A2,2,32,Black,Yes,79.99
Realme C35 4/128GB Verde Libre,Realme,C35,4,128,Green,Yes,234.63
Motorola Edge 30 Neo 8/128GB Plata Libre,Motorola,Edge 30,8,128,Silver,Yes,399.0
POCO F5 Pro 5G 8/256GB Blanco Libre,POCO,F5,8,256,White,Yes,579.99
Samsung Galaxy A53 5G 6/128GB Blanco Libre,Samsung,Galaxy A53,6,128,White,Yes,399.0
Xiaomi Redmi Note 10 Pro 6/128GB Gris Libre,Xiaomi,Redmi Note 10,6,128,Gray,Yes,327.96
Apple iPhone 7 128GB Negro Mate Libre,Apple,iPhone 7,,128,Black,Yes,130.0
Xiaomi PocoPhone X3 Pro 6/128GB Azul Helado Libre,Xiaomi,X3,6,128,Blue,Yes,361.71
Xiaomi Redmi 10A 4/128GB Gris Libre,Xiaomi,Redmi 10A,4,128,Gray,Yes,179.99
Samsung Galaxy S22 5G 8/256GB Negro Libre,Samsung,Galaxy S22,8,256,Black,Yes,711.0
POCO C40 4/64 GB Negro Libre,POCO,C40,4,64,Black,Yes,137.9
Honor 70 5G 8/256GB Negro Libre,Honor,70,8,256,Black,Yes,409.9
OPPO Reno8 5G 8/256GB Dorado Libre,OPPO,Reno8,8,256,Gold,Yes,403.0
Apple iPhone 11 256GB (PRODUCT)RED Libre,Apple,iPhone 11,,256,Red,Yes,469.0
Xiaomi Redmi 9A 2/32GB Azul Glaciar Libre,Xiaomi,Redmi 9A,2,32,Blue,Yes,129.0
OnePlus 8 Pro 12/256GB Azul Ultramarino Libre,OnePlus,8,12,256,Blue,Yes,1333.0
POCO C40 3/32GB Negro Libre,POCO,C40,3,32,Black,Yes,149.99
Apple iPhone 7 128GB Red/Rojo Edición Limitada Libre,Apple,iPhone 7,,128,Red,Yes,130.0
Oppo A74 6/128GB Negro Libre,OPPO,A74,6,128,Black,Yes,259.0
Samsung Galaxy S21 Plus 5G 128GB Violeta Libre,Samsung,Galaxy S21,,128,Purple,Yes,759.0
Xiaomi Mi 11i 5G 8/128GB Negro Libre,Xiaomi,Mi 11i,8,128,Black,Yes,429.01
Apple iPhone 11 Pro Max 64GB Plata Libre,Apple,11 Pro,,64,Silver,Yes,507.99
Apple iPhone 12 Pro 256GB Plata Libre,Apple,iPhone 12,,256,Silver,Yes,665.0
Honor X8a 6/128GB Cyan Lake Libre,Honor,X8a,6,128,Turquoise,Yes,231.4
Samsung Galaxy S21 FE 5G 6/128GB Verde Libre,Samsung,Galaxy S21,6,128,Green,Yes,759.0
Oppo Find X2 Neo 12/256GB 5G Negro Libre,OPPO,Find X2 Neo,12,256,Black,Yes,189.0
POCO F4 GT 12/256GB Plata Libre,POCO,F4,12,256,Silver,Yes,689.0
Apple iPhone 11 Pro Max 64GB Verde Medianoche Libre,Apple,11 Pro,,64,Green,Yes,489.0
Samsung Galaxy S21 5G 256GB Gris Libre,Samsung,Galaxy S21,,256,Gray,Yes,1246.02
Honor X7 4/128GB Negro Libre,Honor,X7,4,128,Black,Yes,252.22
Samsung Galaxy Z Fold4 12/512GB Negro Libre,Samsung,Galaxy Z Fold4,12,512,Black,Yes,1495.0
Apple iPhone 13 Mini 512GB Azul Libre,Apple,iPhone 13,,512,Blue,Yes,1159.0
Realme 9 Pro 5G 8/128GB Verde Libre,Realme,9 Pro,8,128,Green,Yes,352.59
Apple iPhone 13 512GB Medianoche Libre,Apple,iPhone 13,,512,Black,Yes,1249.0
Apple iPhone 13 Mini 512GB Medianoche Libre,Apple,iPhone 13,,512,Black,Yes,1159.0
Samsung Galaxy A13 A137 3/32GB Negro Libre,Samsung,Galaxy A13,3,32,Black,Yes,167.98
Apple iPhone 11 Pro 256GB Verde Medianoche Libre,Apple,11 Pro,,256,Green,Yes,517.0
Apple iPhone XR 128 GB Negro Libre,Apple,iPhone XR,,128,Black,Yes,398.48
Xiaomi Redmi 9T 4/64GB Azul Libre,Xiaomi,9T,4,64,Blue,Yes,157.0
Apple iPhone SE 64 GB Medianoche Libre,Apple,iPhone SE,,64,Black,Yes,439.0
Xiaomi Redmi 9AT 2/32GB Gris Granito Libre,Xiaomi,Redmi 9AT,2,32,Gray,Yes,139.0
Apple iPhone 8 Plus 256GB Gris Espacial Libre,Apple,iPhone 8,,256,Gray,Yes,269.0
OnePlus Nord 2T 5G 12/256GB Gris Libre,OnePlus,Nord,12,256,Gray,Yes,587.36
POCO X5 Pro 5G 8/256GB Amarillo Libre + Cable USB-C a Jack,POCO,X5 Pro,8,256,Yellow,Yes,368.9
Xiaomi Redmi 12C 3/32GB Azul Libre,Xiaomi,Redmi 12C,3,32,Blue,Yes,149.99
Google Pixel 6 8/128GB Carbón Libre,Google,Pixel 6,8,128,Black,Yes,691.64
Samsung Galaxy Z Fold3 5G 256GB Negro Libre,Samsung,Galaxy Z Fold3,,256,Black,Yes,1128.0
Apple iPhone 12 Pro Max 512GB Plata Libre,Apple,iPhone 12,,512,Silver,Yes,805.51
Xiaomi 11 Lite 5G NE 8/128GB Verde Libre,Xiaomi,11 Lite,8,128,Green,Yes,430.66
Samsung Galaxy S23 Ultra Enterprise Edition 256GB Negro Libre,Samsung,Galaxy S23,,256,Black,Yes,1175.19
Xiaomi Redmi Note 11S 6/64GB Azul Libre,Xiaomi,Redmi Note 11S,6,64,Blue,Yes,249.0
Samsung Galaxy A22 5G 4/128GB Blanco Libre,Samsung,Galaxy A22,4,128,White,Yes,249.01
Huawei P40 Pro 5G 8/256GB Plata Libre,Huawei,P40,8,256,Silver,Yes,842.29
Xiaomi Redmi Note 12 Pro 5G 8/128GB Blanco Libre,Xiaomi,Redmi Note 12,8,128,White,Yes,399.99
Black Shark 4 Pro 12/256GB Negro Libre,Xiaomi,Shark 4,12,256,Black,Yes,628.99
Samsung Galaxy A13 3/32GB Negro Libre,Samsung,Galaxy A13,3,32,Black,Yes,165.0
Samsung Galaxy S20 8/128GB Cloud Pink Libre,Samsung,Galaxy S20,8,128,Pink,Yes,275.0
Samsung Galaxy Z Fold 3 5G 512GB Plata Libre,Samsung,Galaxy Z Fold 3,,512,Silver,Yes,1204.0
Samsung Galaxy S20 8/128GB Cosmic Gray Libre,Samsung,Galaxy S20,8,128,Gray,Yes,499.0
Samsung Galaxy S20 FE 6/128GB Lavanda Libre,Samsung,Galaxy S20,6,128,Blue,Yes,640.67
Xiaomi Redmi Note 12 5G 4/128GB Azul Libre,Xiaomi,Redmi Note 12,4,128,Blue,Yes,209.9
Apple iPhone 12 Pro Max 512GB Oro Libre,Apple,iPhone 12,,512,Gold,Yes,837.01
Samsung Galaxy A71 6/128GB Prism Crush Blue,Samsung,Galaxy A71,6,128,Blue,No,203.99
Samsung Galaxy S10e Negro Libre,Samsung,S10e,,,Black,Yes,506.39
Samsung Galaxy A51 4/128GB Negro Libre,Samsung,Galaxy A51,4,128,Black,Yes,529.99
Xiaomi Redmi Note 11 Pro 5G 8/128GB Azul Libre,Xiaomi,11 Pro,8,128,Blue,Yes,439.08
Apple iPhone 14 Pro Max 1TB Oro Libre,Apple,iPhone 14,,1000,Gold,Yes,2119.0
Apple iPhone SE 64GB Medianoche Libre,Apple,iPhone SE,,64,Black,Yes,439.0
Apple iPhone XS 256Gb Dorado Libre,Apple,iPhone XS,,256,Gold,Yes,368.0
POCO M5s 4/128GB Azul Libre,POCO,M5s,4,128,Blue,Yes,229.98
Realme C21Y 4/64GB Negro Libre,Realme,C21Y,4,64,Black,Yes,181.0
TCL 30 Plus 4/128GB Negro Libre,TCL,30,4,128,Black,Yes,204.99
Apple iPhone 14 Pro 1TB Negro Espacial Libre,Apple,iPhone 14,,1000,Black,Yes,1969.0
Samsung Galaxy S22 5G 128GB Negro Libre + Cargador 25W,Samsung,Galaxy S22,,128,Black,Yes,849.0
Apple iPhone 11 128GB Malva Libre,Apple,iPhone 11,,128,Purple,Yes,429.01
Motorola ThinkPhone 8/256GB Carbon Black Libre,Motorola,ThinkPhone,8,256,Gold,Yes,799.0
TCL 30 SE 4/128GB Gris Libre,TCL,30 SE,4,128,Gray,Yes,174.99
Cubot KingKong 7 8/128GB Negro Libre,Cubot,KingKong 7,8,128,Black,Yes,268.7
Samsung Galaxy M23 5G 4/128GB Verde Libre Versión Importada EU,Samsung,Galaxy M23,4,128,Green,Yes,214.99
TCL 403 2/32GB Malva Libre,TCL,403,2,32,Purple,Yes,89.99
Apple iPhone 12 Pro Max 256GB Oro Libre,Apple,iPhone 12,,256,Gold,Yes,1100.0
Apple iPhone 13 Pro 256GB Plata Libre,Apple,iPhone 13,,256,Silver,Yes,1279.0
Samsung Galaxy S22 5G 256GB Verde Libre,Samsung,Galaxy S22,,256,Green,Yes,681.0
Samsung Galaxy Z Flip3 5G 8/256GB Violeta Libre,Samsung,Galaxy Z Flip3,8,256,Purple,Yes,991.0
Samsung Galaxy Note 20 8/256GB Mystic Bronze Libre,Samsung,Galaxy Note 20,8,256,Bronze,Yes,1131.66
Apple iPhone XS Max 256Gb Dorado Libre,Apple,iPhone XS,,256,Gold,Yes,389.0
Black Shark 4 Pro 8/128GB Negro Libre,Xiaomi,Shark 4,8,128,Black,Yes,522.19
OnePlus 7 Pro 12GB/256GB Azul Libre,OnePlus,7,,12,Blue,Yes,929.0
Samsung Galaxy A53 5G 8/256GB Negro Libre,Samsung,Galaxy A53,8,256,Black,Yes,518.0
Samsung Galaxy Z Fold4 12/256GB Verde Libre,Samsung,Galaxy Z Fold4,12,256,Green,Yes,1799.0
Apple iPhone 13 Pro Max 128GB Verde Alpino Libre,Apple,iPhone 13,,128,Green,Yes,1259.0
POCO M5s 4/64GB Blanco Libre,POCO,M5s,4,64,White,Yes,210.0
Samsung Galaxy A13 5G A136 4/64GB Negro Libre,Samsung,Galaxy A13,4,64,Black,Yes,294.36
Samsung Galaxy S21 5G 256GB Violeta Libre,Samsung,Galaxy S21,,256,Purple,Yes,372.0
Samsung Galaxy A13 4/64GB Blanco Libre,Samsung,Galaxy A13,4,64,White,Yes,176.95
Samsung Galaxy Z Flip4 8/256GB Lila Libre,Samsung,Galaxy Z Flip4,8,256,Purple,Yes,1029.7
Nothing Phone 1 8/256GB Blanco Libre,Nothing,Phone (1),8,256,White,Yes,701.5
POCO M4 Pro 6/128GB Negro Libre,POCO,M4,6,128,Black,Yes,275.76
Samsung Galaxy S22 5G 128GB Rosa Dorado Libre Versión Importada EU,Samsung,Galaxy S22,,128,Pink,Yes,801.77
Xiaomi Mi 11 5G 8/256GB Gris Libre,Xiaomi,Mi 11,8,256,Gray,Yes,524.0
Xiaomi Redmi 9C 4/128GB Verde Libre,Xiaomi,Redmi 9C,4,128,Green,Yes,196.26
Xiaomi Mi 9 6/64GB Negro Libre,Xiaomi,Mi 9,6,64,Black,Yes,399.0
Xiaomi 13 12/256GB Blanco Libre,Xiaomi,13,12,256,White,Yes,1099.99
Apple iPhone 8 Plus 64GB Gris Espacial Libre,Apple,iPhone 8,,64,Gray,Yes,189.0
Samsung Galaxy S10+ 128Gb Negro Prisma Libre,Samsung,S10+,,128,Black,Yes,563.69
Samsung Galaxy S10e Verde Libre,Samsung,S10e,,,Green,Yes,199.0
Cubot P60 6/128GB Blanco Libre,Cubot,P60,6,128,White,Yes,159.95
Samsung Galaxy S20 Ultra 12/128GB 5G Cosmic Black Libre,Samsung,Galaxy S20,12,128,Black,Yes,368.0
Xiaomi Redmi 9AT 2/32GB Azul Libre,Xiaomi,Redmi 9AT,2,32,Blue,Yes,135.3
realme 7 Pro 8/128GB Plata Libre,Realme,7,8,128,Silver,Yes,239.0
Nokia G11 3/32GB Carbón Libre,Nokia,G11,3,32,Black,Yes,111.01
Samsung Galaxy A32 5G 4/64GB Negro Libre Versión Importada EU,Samsung,Galaxy A32,4,64,Black,Yes,254.72
Motorola Edge 20 Lite 8/128GB Verde Libre,Motorola,Edge 20,8,128,Green,Yes,235.01
Realme 9i 4/64GB Azul Libre,Realme,9i,4,64,Blue,Yes,232.59
Samsung Galaxy S20 Plus 12/128GB 5G Cloud Blue Libre,Samsung,Galaxy S20,12,128,Blue,Yes,796.95
POCO X4 GT 8/256GB 5G Negro Libre,POCO,X4,8,256,Black,Yes,429.99
Samsung Galaxy A50 4/128GB Azul Libre,Samsung,Galaxy A50,4,128,Blue,Yes,155.0
Samsung Galaxy A71 6/128GB Prism Crush Black,Samsung,Galaxy A71,6,128,Black,No,543.37
Samsung Galaxy S23 Ultra 256GB Verde Libre,Samsung,Galaxy S23,,256,Green,Yes,1084.0
Samsung Galaxy XCover6 Pro 6/128GB Negro Libre Versión Importada EU,Samsung,Galaxy XCover6,6,128,Black,Yes,623.71
ZTE Blade A31 Plus 2/32GB Azul Libre,ZTE,Blade A31,2,32,Blue,Yes,84.9
Samsung Galaxy S21 5G 128GB Gris Libre,Samsung,Galaxy S21,,128,Gray,Yes,635.23
SPC Smart Ultimate 3/64GB Negro Libre,SPC,Smart Ultimate,3,64,Black,Yes,109.95
Ulefone Armor 8 Pro 8/128GB Rojo Libre,Ulefone,Armor 8,8,128,Red,Yes,199.99
Cubot X70 12/256GB Tech Black Libre,Cubot,X70,12,256,Black,Yes,249.95
Samsung Galaxy A23 5G 4/128GB Blanco Libre Versión Importada EU,Samsung,Galaxy A23,4,128,White,Yes,249.01
Samsung Galaxy S20 12/128GB 5G Cosmic Gray Libre,Samsung,Galaxy S20,12,128,Gray,Yes,701.09
Xiaomi Redmi Note 11 Pro 5G 6/128GB Gris Libre,Xiaomi,11 Pro,6,128,Gray,Yes,283.47
Samsung Galaxy S20 Ultra 12/128GB 5G Cosmic Gray Libre,Samsung,Galaxy S20,12,128,Gray,Yes,637.0
Xiaomi Mi 10T Lite 5G 6/128GB Gris Libre,Xiaomi,Mi 10T,6,128,Gray,Yes,203.0
Huawei P30 6/128GB Aurora Libre,Huawei,P30,6,128,Blue,Yes,239.98
Cubot King Kong 5 Pro 4/64GB Negro/Naranja Libre,Cubot,King Kong 5,4,64,Orange,Yes,206.34
Samsung Galaxy A71 6/128GB Prism Crush Silver,Samsung,Galaxy A71,6,128,Silver,No,203.99
Xiaomi Redmi Note 10S 6/64GB Gris Libre,Xiaomi,Note 10S,6,64,Gray,Yes,258.3
Samsung Galaxy Note 10 Plus 256GB Negro Libre,Samsung,Galaxy Note 10,,256,Black,Yes,810.78
Samsung Galaxy A13 A137 4/64GB Negro Libre Versión Importada EU,Samsung,Galaxy A13,4,64,Black,Yes,184.88
TCL 305i 2/32GB Azul Libre,TCL,305i,2,32,Blue,Yes,84.1
Apple iPhone 12 256GB Negro Libre,Apple,iPhone 12,,256,Black,Yes,979.0
Samsung Galaxy S21 FE 5G 8/256GB Verde Libre,Samsung,Galaxy S21,8,256,Green,Yes,649.0
Oppo Find X3 Neo 12/256GB Plata Libre,OPPO,X3,12,256,Silver,Yes,819.0
Apple iPhone 12 Pro 512GB Grafito Libre,Apple,iPhone 12,,512,Black,Yes,728.0
Samsung Galaxy Z Flip4 8/128GB Azul Libre,Samsung,Galaxy Z Flip4,8,128,Blue,Yes,700.71
Apple iPhone XR 64 GB Azul Libre,Apple,iPhone XR,,64,Blue,Yes,239.0
Realme GT Master Edition 5G 6/128GB Gris Libre,Realme,GT Master Edition,6,128,Gray,Yes,351.6
Apple iPhone XS 64Gb Plata Libre,Apple,iPhone XS,,64,Silver,Yes,279.0
Apple iPhone SE 2022 64GB Blanco Estrella Libre,Apple,iPhone SE,,64,White,Yes,529.0
Vivo Y21s 4/128GB Midnight Blue Libre,Vivo,Y21s,4,128,Blue,Yes,145.21
Apple iPhone XS Max 64Gb Plata Libre,Apple,iPhone XS,,64,Silver,Yes,308.01
Realme GT2 Pro 12/256GB Verde Libre,Realme,GT2,12,256,Green,Yes,852.59
Samsung Galaxy S10 8/128GB Blanco Libre  ,Samsung,Galaxy S10,8,128,White,Yes,536.05
Ulefone Power Armor X11 Pro 4/64GB Negro Libre,Ulefone,X11 Pro,4,64,Black,Yes,189.99
Xiaomi Redmi 10A 2/32GB Azul Libre,Xiaomi,Redmi 10A,2,32,Blue,Yes,110.3
Samsung Galaxy A40 4/64GB Blanco,Samsung,Galaxy A40,4,64,White,No,140.0
Samsung Galaxy A40 4/64GB Negro Libre Versión Importada EU ,Samsung,Galaxy A40,4,64,Black,Yes,120.0
Xiaomi 12 Lite 8/128GB Negro Libre,Xiaomi,12,8,128,Black,Yes,567.04
Xiaomi Redmi 10C 4/64GB Azul Libre,Xiaomi,Redmi 10C,4,64,Blue,Yes,179.99
Samsung Galaxy S22 5G 128GB Morado Libre + Cargador 25W,Samsung,Galaxy S22,,128,Purple,Yes,859.0
Xiaomi 11 Lite 5G NE 8/128GB Azul Libre,Xiaomi,11 Lite,8,128,Blue,Yes,432.35
Samsung Galaxy S21 FE 5G 6/128GB Lavanda Libre,Samsung,Galaxy S21,6,128,Blue,Yes,585.97
Xiaomi 13 Lite 8/256GB Azul Libre,Xiaomi,13,8,256,Blue,Yes,589.57
Xiaomi Redmi Note 11S 6/64GB Gris Libre,Xiaomi,Redmi Note 11S,6,64,Gray,Yes,249.0
OnePlus Nord 5G 12/256GB Gris Onix Libre,OnePlus,Nord,12,256,Gray,Yes,386.99
Honor X8 6/128GB Negro Libre,Honor,X8,6,128,Black,Yes,179.99
Samsung Galaxy S8 64GB Plata Libre versión española,Samsung,Galaxy S8,,64,Silver,Yes,271.42
Apple iPhone 12 Mini 64GB Negro Libre,Apple,iPhone 12,,64,Black,Yes,689.0
Realme 9i 4/128GB Negro Libre,Realme,9i,4,128,Black,Yes,252.59
Cubot Pocket 4/64GB Rojo Libre,Cubot,Pocket,4,64,Red,Yes,149.96
Apple iPhone XS 64Gb Dorado Libre,Apple,iPhone XS,,64,Gold,Yes,279.0
SPC Smart 3 3/32GB Turquesa Libre,SPC,Smart 3,3,32,Turquoise,Yes,99.95
Xiaomi Redmi Note 11 Pro 6/128GB Gris Grafito Libre,Xiaomi,11 Pro,6,128,Gray,Yes,349.99
Nothing Phone 1 8/128GB Negro Libre,Nothing,Phone (1),8,128,Black,Yes,625.24
Xiaomi Mi 9 6/128GB Azul Libre,Xiaomi,Mi 9,6,128,Blue,Yes,528.0
Apple iPhone 12 Pro 512GB Azul Pacífico Libre,Apple,iPhone 12,,512,Blue,Yes,724.0
Samsung Galaxy S23 Ultra 512GB Algodón Libre,Samsung,Galaxy S23,,512,White,Yes,1193.0
Xiaomi Redmi 10 4/64GB Gris Libre,Xiaomi,Redmi 10,4,64,Gray,Yes,229.94
Huawei P30 Lite 4/128Gb Crystal Libre,Huawei,P30,4,128,Crystal,Yes,160.0
Motorola Moto E20 2/32GB Gris Libre,Motorola,Moto E20,2,32,Gray,Yes,109.0
Oppo A74 6/128GB Azul Libre,OPPO,A74,6,128,Blue,Yes,259.0
Samsung Galaxy A51 4/128GB Blanco Libre,Samsung,Galaxy A51,4,128,White,Yes,315.18
Samsung Galaxy M13 4/128GB Naranja Libre,Samsung,Galaxy M13,4,128,Orange,Yes,209.0
OPPO A77 5G 6/128GB Azul Libre,OPPO,A77,6,128,Blue,Yes,302.91
OnePlus Nord CE 5G 8/128GB Charcoal Ink Libre,OnePlus,Nord,8,128,Black,Yes,376.78
Apple iPhone SE 2022 64GB Medianoche Libre,Apple,iPhone SE,,64,Black,Yes,529.0
Samsung Galaxy A14 4/128GB Negro Libre Versión Importada EU,Samsung,Galaxy A14,4,128,Black,Yes,193.49
Xiaomi Mi 11 Lite 5G 8/128GB Verde Libre,Xiaomi,Mi 11,8,128,Green,Yes,392.68
Xiaomi Redmi 12C 3/64GB Verde Libre,Xiaomi,Redmi 12C,3,64,Green,Yes,169.99
Motorola Edge 30 Pro 5G 12/256GB Azul Libre,Motorola,Edge 30,12,256,Blue,Yes,886.95
OPPO Find X3 Lite 8/128GB Azul Libre,OPPO,X3,8,128,Blue,Yes,469.0
Ulefone Armor X6 2/16Gb Naranja Libre,Ulefone,Armor X6,2,16,Orange,Yes,106.92
Oppo Find X3 Pro 12/256GB Azul Libre,OPPO,X3,12,256,Blue,Yes,1169.0
POCO C40 4/64GB Negro Libre,POCO,C40,4,64,Black,Yes,119.0
Cubot King Kong Mini 3 6/128GB Negro Libre,Cubot,King Kong Mini 3,6,128,Black,Yes,191.0
Google Pixel 4 XL 6/64GB Libre Negro,Google,Pixel 4,6,64,Black,Yes,283.81
Realme X2 8/128GB Pearl White Libre,Realme,X2,8,128,White,Yes,209.0
Samsung Galaxy A33 5G 6/128GB Naranja Libre,Samsung,Galaxy A33,6,128,Orange,Yes,359.0
Apple iPhone 14 Pro Max 1TB Plata Libre,Apple,iPhone 14,,1000,Silver,Yes,2119.0
Realme GT 5G 8/128GB Azul Libre,Realme,GT,8,128,Blue,Yes,497.02
Samsung Galaxy S10 Lite 8/128GB Prism Black,Samsung,Galaxy S10,8,128,Black,No,710.74
Samsung Galaxy S22 5G 128GB Blanco Libre Versión Importada EU,Samsung,Galaxy S22,,128,White,Yes,599.91
Huawei P30 Lite 4/128GB Azul Libre,Huawei,P30,4,128,Blue,Yes,464.37
Samsung Galaxy A52s 5G 6/128GB Blanco Libre,Samsung,Galaxy A52s,6,128,White,Yes,339.0
Xiaomi 12 Lite 5G 8/128GB Verde Libre,Xiaomi,12,8,128,Green,Yes,567.04
realme X3 SuperZoom 12/256GB Blanco Ártico Libre,Realme,X3,12,256,White,Yes,325.01
Ulefone Armor X9 Pro 4/64GB Verde Libre,Ulefone,Armor X9,4,64,Green,Yes,159.99
Apple iPhone 8 Plus 64Gb Plata Libre,Apple,iPhone 8,,64,Silver,Yes,195.0
Motorola One Vision 4/128GB Azul Zafiro Dual Sim Libre,Motorola,One Vision,4,128,Blue,Yes,350.0
Samsung Galaxy A51 4/128GB Azul Libre,Samsung,Galaxy A51,4,128,Blue,Yes,180.0
Samsung Galaxy S20 FE 5G 6/128GB Verde Libre,Samsung,Galaxy S20,6,128,Green,Yes,649.0
Xiaomi Redmi Note 5 64Gb Dorado,Xiaomi,Redmi Note 5,,64,Gold,No,168.77
Apple iPhone XR 128Gb Azul Libre,Apple,iPhone XR,,128,Blue,Yes,338.0
Samsung Galaxy S21 Plus 5G 256GB Violeta Libre,Samsung,Galaxy S21,,256,Purple,Yes,379.0
Samsung Galaxy S21 Ultra 5G 256GB Plata Libre,Samsung,Galaxy S21,,256,Silver,Yes,457.0
Cubot Pocket 4/64GB Negro Libre,Cubot,Pocket,4,64,Black,Yes,149.96
OPPO A76 4/128GB Glowing Blue Libre,OPPO,A76,4,128,Blue,Yes,263.97
Samsung Galaxy A52 5G 128Gb Violeta Libre,Samsung,Galaxy A52,,128,Purple,Yes,572.23
Xiaomi Redmi 10A 2/32GB Plata Libre,Xiaomi,Redmi 10A,2,32,Silver,Yes,96.22
Apple iPhone XR 256GB Negro Libre,Apple,iPhone XR,,256,Black,Yes,367.37
CAT S53 5G 6/128GB Rugerizado Negro Libre,CAT,S53,6,128,Black,Yes,513.42
Samsung Galaxy A23 5G 4/64GB Negro Libre,Samsung,Galaxy A23,4,64,Black,Yes,282.12
Samsung Galaxy S21 5G 128GB Rosa Libre,Samsung,Galaxy S21,,128,Pink,Yes,865.36
TCL 403 2/32GB Negro Libre,TCL,403,2,32,Black,Yes,89.99
Xiaomi Redmi 9C 3/64GB Gris Libre,Xiaomi,Redmi 9C,3,64,Gray,Yes,106.9
Xiaomi Redmi 9C NFC 2/32GB Gris Libre,Xiaomi,Redmi 9C,2,32,Gray,Yes,95.9
Xiaomi Redmi Note 11 4/64GB Azul Estelar Libre,Xiaomi,Redmi Note 11,4,64,Blue,Yes,199.0
Samsung Galaxy S21 Ultra 5G 128GB Plata Libre,Samsung,Galaxy S21,,128,Silver,Yes,822.0
Samsung Galaxy A10 2/32GB Negro Libre,Samsung,Galaxy A10,2,32,Black,Yes,169.0
Xiaomi Redmi 9 4/64GB Gris Carbono Libre,Xiaomi,Redmi 9,4,64,Gray,Yes,200.0
POCO M5s 4/128GB Azul Libre + Xiaomi Mi Cargador Dual USB-A/USB-C 33W,Xiaomi,M5s,4,128,Blue,Yes,229.98
Apple iPhone 7 32GB Plata Libre,Apple,iPhone 7,,32,Silver,Yes,110.0
Xiaomi Redmi Note 9 4/128GB Verde Libre,Xiaomi,Redmi Note 9,4,128,Green,Yes,269.0
Huawei P50 Pro 8/256GB Golden Black Libre,Huawei,P50,8,256,Gold,Yes,858.29
Motorola Moto G42 6/128GB Verde Libre,Motorola,Moto G42,6,128,Green,Yes,229.0
Realme 9 Pro Plus 5G 6/128GB Negro Libre,Realme,9 Pro,6,128,Black,Yes,402.59
Realme C35 4/64GB Verde Libre,Realme,C35,4,64,Green,Yes,182.59
Sony Xperia XZ2 Verde Libre,Sony,Xperia XZ2,,,Green,Yes,372.46
Apple iPhone XS Max 64Gb Dorado Libre,Apple,iPhone XS,,64,Gold,Yes,309.0
Samsung Galaxy A32 5G 4/64GB Negro Libre,Samsung,Galaxy A32,4,64,Black,Yes,299.0
Samsung Galaxy S22 Ultra 5G 12/256GB Burdeos Libre,Samsung,Galaxy S22,12,256,Red,Yes,975.01
Samsung Galaxy S21 FE 5G 6/128GB Violeta Libre,Samsung,Galaxy S21,6,128,Purple,Yes,759.0
Xiaomi PocoPhone X3 Pro 6/128GB Negro Fantasma Libre,Xiaomi,X3,6,128,Black,Yes,364.63
Samsung Galaxy Note 10 256GB Negro Libre,Samsung,Galaxy Note 10,,256,Black,Yes,897.82
Samsung Galaxy S21 5G 256GB Rosa Libre,Samsung,Galaxy S21,,256,Pink,Yes,1246.02
realme 7 Pro 8/128GB Azul Libre,Realme,7,8,128,Blue,Yes,239.0
Apple iPhone 14 Plus 512GB Amarillo Libre,Apple,iPhone 14,,512,Yellow,Yes,1549.0
Motorola Moto E32 4/64GB Gris Libre,Motorola,Moto E32,4,64,Gray,Yes,144.6
Motorola Razr 2022 8/256GB Negro Libre,Motorola,Razr 2022,8,256,Black,Yes,1199.0
Realme 8i 4/128GB Lila Libre,Realme,8I,4,128,Purple,Yes,221.6
Realme 9 8/128GB Negro Libre,Realme,9,8,128,Black,Yes,444.37
Realme C25Y 4/128GB Azul Libre,Realme,C25Y,4,128,Blue,Yes,206.67
Xiaomi Mi Note 10 Lite 6/128GB Blanco Glaciar,Xiaomi,Mi Note 10,6,128,White,No,495.34
Xiaomi Redmi Note 10 Pro 6/64GB Azul Libre,Xiaomi,Redmi Note 10,6,64,Blue,Yes,199.99
Xiaomi Redmi Note 8T 4/64GB Gris Medianoche Libre,Xiaomi,Redmi Note 8T,4,64,Gray,Yes,120.0
Xiaomi Redmi Note 9 Pro 6/128GB Gris Interestelar Libre,Xiaomi,9 Pro,6,128,Gray,Yes,168.58
Xiaomi Redmi Note 9 Pro 6/64GB Verde Tropical Libre,Xiaomi,9 Pro,6,64,Green,Yes,310.74
Apple iPhone 13 Mini 256GB (PRODUCT)RED Libre,Apple,iPhone 13,,256,Red,Yes,929.0
Apple iPhone 13 Mini 512GB Blanco Estrella Libre,Apple,iPhone 13,,512,White,Yes,1159.0
Apple iPhone 14 512GB Amarillo Libre,Apple,iPhone 14,,512,Yellow,Yes,1399.0
Apple iPhone 14 Pro 1TB Morado Oscuro Libre,Apple,iPhone 14,,1000,Purple,Yes,1969.0
Samsung Galaxy S20 12/128GB 5G Cloud Pink Libre,Samsung,Galaxy S20,12,128,Pink,Yes,1281.61
"Samsung Galaxy Z Flip4 8/256GB Gris + Cargador de Pared 25W + Galaxy Tab A8 10.5"" 32GB WiFi Gris",Samsung,Galaxy Z Flip4,8,256,Gray,No,1162.93
"Samsung Galaxy Z Fold4 12/512GB Negro Libre + Cargador de Pared 25W + Galaxy Tab A8 10.5"" 32GB WiFi",Samsung,Galaxy Z Fold4,12,512,Black,Yes,1922.93
Xiaomi 13 8/256GB Negro Libre + Cable USB-C a Jack,Xiaomi,13,8,256,Black,Yes,758.68
Xiaomi Redmi 9AT 2/32GB Gris Libre,Xiaomi,Redmi 9AT,2,32,Gray,Yes,99.5
Hammer Explorer Plus Eco 4/64GB Naranja,Hammer,Explorer Plus Eco,4,64,Orange,No,235.22
Motorola Edge 30 Neo 8/128GB Very Peri Libre,Motorola,Edge 30,8,128,Gold,Yes,399.0
Nokia XR20 5G 4/64GB Azul Libre,Nokia,XR20,4,64,Blue,Yes,348.04
POCO M5s 4/64GB Azul Libre,POCO,M5s,4,64,Blue,Yes,189.9
Apple iPhone 12 Pro Max 512GB Grafito Libre,Apple,iPhone 12,,512,Black,Yes,799.0
Realme C21Y 4/64GB Azul Libre,Realme,C21Y,4,64,Blue,Yes,152.59
Huawei P20 Pro Dual Sim Negro Libre,Huawei,P20,,,Black,Yes,185.0
Apple iPhone 12 Mini 64GB Púrpura Libre,Apple,iPhone 12,,64,Purple,Yes,689.0
POCO C40 4/64GB Verde Libre,POCO,C40,4,64,Green,Yes,169.99
Realme X50 Pro 5G 12/256GB Rojo Rústico Libre,Realme,X50 Pro,12,256,Red,Yes,448.99
Samsung Galaxy A33 5G 6/128GB Azul Libre Versión Importada EU,Samsung,Galaxy A33,6,128,Blue,Yes,319.34
Xiaomi Mi 10T Pro 5G 8/128GB Plata Libre,Xiaomi,Mi 10T,8,128,Silver,Yes,682.59
Apple iPhone XS 512Gb Plata Libre,Apple,iPhone XS,,512,Silver,Yes,419.0
